Application_ID,Candidate_Name,Gender,Age,City,State,Qualification,Specialization,College_Name,Graduation_Year,Experience_Years,Previous_Company,Applied_Role,Department,Skills,Certification,Expected_Salary_LPA,Current_Salary_LPA,Notice_Period_Days,Application_Date,Interview_Score,Technical_Test_Score,Communication_Score,Status,Work_Mode,Preferred_Location
APP0001,Vyanjana Dayal,Male,31,Nagpur,Maharashtra,M.Sc,Data Science,Sundaram Inc Institute,2026,2,Rana LLC,Java Developer,IT,"Docker, Kubernetes, AWS",None,12.1,10.1,15,2026-05-10,54,88,94,Interviewed,Hybrid,Nagpur
APP0002,Nisha Mane,Female,27,Chennai,Tamil Nadu,MCA,Computer Science,"Parekh, Grover and Sankar Institute",2018,7,Sachar and Sons,Full Stack Developer,IT,"Docker, Kubernetes, AWS",Azure Fundamentals,7.6,5.1,15,2026-03-20,86,77,77,Applied,Onsite,Chennai
APP0003,Janani Borra,Male,25,Delhi,Delhi,MCA,Computer Science,Murthy-Kapoor Institute,2017,5,"Konda, Buch and Setty",Data Analyst,IT,"Docker, Kubernetes, AWS",AWS Certified,11.7,10.3,60,2026-05-19,76,75,85,Applied,Hybrid,Delhi
APP0004,Vinaya Badami,Male,35,Hyderabad,Telangana,M.Tech,Information Technology,Balakrishnan-Bir Institute,2024,4,Lanka-Ganesh,DevOps Engineer,Engineering,"MongoDB, Express.js, React",Oracle Java,13.0,10.6,15,2025-06-18,96,98,63,Interviewed,Hybrid,Hyderabad
APP0005,Darika Chhabra,Male,27,Hyderabad,Telangana,M.Sc,Information Technology,Cherian-Bala Institute,2024,3,"Sagar, Lata and Chakrabarti",QA Engineer,IT,"SQL, Power BI, Excel",AWS Certified,4.5,3.0,60,2025-08-17,50,53,69,Shortlisted,Remote,Hyderabad
APP0006,Udyati Kunda,Female,35,Noida,Uttar Pradesh,B.E.,Information Technology,"Talwar, Ganesan and Ranganathan Institute",2016,3,Ranganathan-Vyas,Python Developer,IT,"Git, CI/CD, Linux",AWS Certified,4.0,2.6,30,2025-08-12,84,53,83,Shortlisted,Onsite,Noida
APP0007,Anusha Dara,Male,26,Mumbai,Maharashtra,B.Sc,Information Technology,"Thakkar, Oza and Divan Institute",2025,0,Fresher,Python Developer,IT,"SQL, Power BI, Excel",Azure Fundamentals,3.0,0.0,90,2026-04-25,66,99,94,Applied,Hybrid,Mumbai
APP0008,Sanaya Raghavan,Female,24,Chennai,Tamil Nadu,M.Tech,Information Technology,"Seshadri, Mani and Chaudhuri Institute",2022,1,Srinivas-Tandon,Software Engineer,Technology,"Git, CI/CD, Linux",AWS Certified,7.9,6.1,0,2026-01-23,50,55,98,Applied,Onsite,Chennai
APP0009,Ridhi Wali,Male,26,Nagpur,Maharashtra,MCA,AI & ML,Sood-Sarraf Institute,2020,0,Fresher,Backend Developer,IT,"Git, CI/CD, Linux",None,3.0,0.0,90,2025-07-06,99,58,89,Rejected,Remote,Nagpur
APP0010,Chameli Chanda,Female,30,Hyderabad,Telangana,B.Tech,AI & ML,Sani-Prakash Institute,2026,3,"Mani, Chandran and Borah",Backend Developer,Engineering,"Python, Django, PostgreSQL",AWS Certified,6.3,4.3,60,2025-09-30,65,63,96,Shortlisted,Remote,Hyderabad
APP0011,Tanay Dubey,Female,22,Bengaluru,Karnataka,B.E.,Information Technology,Nagarajan and Sons Institute,2019,4,Gandhi-Radhakrishnan,Python Developer,Development,"Java, Hibernate, REST API",Oracle Java,8.6,6.2,45,2025-08-03,58,71,88,Shortlisted,Hybrid,Bengaluru
APP0012,Matthew Ganguly,Female,31,Mumbai,Maharashtra,MCA,Data Science,Krish LLC Institute,2023,1,Gola LLC,Software Engineer,Technology,"Java, Spring Boot, MySQL",None,4.8,4.1,90,2025-12-14,66,74,82,Shortlisted,Onsite,Mumbai
APP0013,Chakrika Mital,Female,30,Pune,Maharashtra,M.Sc,AI & ML,Shetty-Hari Institute,2020,7,Choudhury-Som,Backend Developer,IT,"Docker, Kubernetes, AWS",Azure Fundamentals,4.9,4.0,30,2026-05-29,92,97,71,Applied,Hybrid,Pune
APP0014,Gavin Kannan,Male,22,Noida,Uttar Pradesh,B.Tech,Computer Science,Brar and Sons Institute,2022,7,"Banerjee, Vora and Balan",Full Stack Developer,Technology,"Java, Spring Boot, MySQL",AWS Certified,5.1,4.5,30,2026-04-01,55,91,55,Shortlisted,Hybrid,Noida
APP0015,Ubika Varty,Female,35,Chennai,Tamil Nadu,B.E.,AI & ML,"Rattan, Bala and Sarna Institute",2026,2,Nigam Inc,Backend Developer,Technology,"SQL, Power BI, Excel",None,8.7,7.0,60,2025-09-25,74,78,56,Rejected,Remote,Chennai
APP0016,Edhitha Natarajan,Female,32,Hyderabad,Telangana,B.Sc,Information Technology,"Kamdar, Bhatt and D’Alia Institute",2019,4,"Kale, Sehgal and Nadig",Python Developer,IT,"Docker, Kubernetes, AWS",Azure Fundamentals,12.0,11.0,30,2026-04-16,81,72,82,Shortlisted,Onsite,Hyderabad
APP0017,Harsh Kale,Female,25,Chennai,Tamil Nadu,M.Sc,Information Technology,"Dhawan, Anand and Wable Institute",2019,5,Konda-Bala,Python Developer,Development,"Java, Spring Boot, MySQL",AWS Certified,7.7,7.2,0,2025-12-13,72,50,60,Selected,Onsite,Chennai
APP0018,Lila Mann,Male,22,Bengaluru,Karnataka,M.Tech,Data Science,"Pal, Borra and Viswanathan Institute",2024,0,Fresher,Data Analyst,Development,"Git, CI/CD, Linux",AWS Certified,3.0,0.0,90,2025-09-24,51,62,89,Selected,Hybrid,Bengaluru
APP0019,Janani Dugar,Female,35,Chennai,Tamil Nadu,B.Tech,Computer Science,"Kaur, Tripathi and Gara Institute",2024,8,"Behl, Bala and Goyal",QA Engineer,Development,"MongoDB, Express.js, React",Oracle Java,12.4,11.1,60,2025-08-17,81,58,60,Applied,Onsite,Chennai
APP0020,Siddharth Chowdhury,Female,25,Gurugram,Haryana,B.E.,Data Science,"Kuruvilla, Saha and Salvi Institute",2022,3,"Bhardwaj, Lad and Prabhu",QA Engineer,Technology,"JavaScript, React, Node.js",None,13.0,11.9,45,2026-02-26,51,60,61,Selected,Hybrid,Gurugram
APP0021,Bhavika Chaudhuri,Female,28,Delhi,Delhi,B.Sc,AI & ML,"Shenoy, Tara and Bedi Institute",2019,1,Krish-Pillay,Software Engineer,Engineering,"JavaScript, React, Node.js",None,7.5,6.5,45,2025-11-27,56,84,74,Applied,Hybrid,Delhi
APP0022,Madhav Master,Male,21,Nagpur,Maharashtra,MCA,Computer Science,"Dora, Goda and Johal Institute",2021,7,Ram PLC,Full Stack Developer,Engineering,"Java, Hibernate, REST API",Oracle Java,12.3,10.6,15,2025-07-25,63,68,87,Rejected,Remote,Nagpur
APP0023,Sai Hayre,Male,29,Mumbai,Maharashtra,B.Tech,Computer Science,Babu-Rana Institute,2024,4,Parmer Group,QA Engineer,Engineering,"JavaScript, React, Node.js",None,12.0,9.9,30,2026-01-18,90,97,52,Rejected,Hybrid,Mumbai
APP0024,Chakradev Lata,Male,21,Kolkata,West Bengal,M.Sc,Computer Science,"Dara, Bera and Master Institute",2026,2,Rai-Deep,QA Engineer,Engineering,"Python, Django, PostgreSQL",AWS Certified,5.1,4.2,60,2025-09-29,55,67,55,Rejected,Remote,Kolkata
APP0025,Zilmil Uppal,Female,26,Hyderabad,Telangana,B.Tech,Data Science,"Roy, Sridhar and Varghese Institute",2020,8,"Bora, Saxena and Ramesh",Data Analyst,IT,"Java, Spring Boot, MySQL",None,9.0,8.2,15,2025-06-29,56,70,64,Selected,Remote,Hyderabad
APP0026,Kalpit Dani,Female,22,Gurugram,Haryana,B.E.,Computer Science,Ghose-Dara Institute,2025,6,Kara-Khurana,Python Developer,Technology,"Docker, Kubernetes, AWS",None,12.3,10.4,60,2026-02-22,81,51,89,Selected,Onsite,Gurugram
APP0027,Lucky Biswas,Female,26,Noida,Uttar Pradesh,MCA,Computer Science,"Raja, Acharya and Mukhopadhyay Institute",2025,3,Hayre-Kadakia,DevOps Engineer,Technology,"Python, Django, PostgreSQL",Azure Fundamentals,6.2,3.4,15,2026-06-17,75,82,73,Selected,Onsite,Noida
APP0028,Ganga Nigam,Male,33,Nagpur,Maharashtra,B.Sc,AI & ML,Goswami-Gill Institute,2020,3,Sharaf Ltd,Data Analyst,Technology,"Git, CI/CD, Linux",None,12.6,11.8,60,2025-09-02,86,57,97,Interviewed,Hybrid,Nagpur
APP0029,Parth Mann,Male,30,Delhi,Delhi,B.Sc,Data Science,"Prabhakar, Mody and Sunder Institute",2026,6,"Pandey, Raghavan and Dora",QA Engineer,Engineering,"Python, Django, PostgreSQL",AWS Certified,10.7,8.7,45,2025-11-17,61,53,98,Rejected,Hybrid,Delhi
APP0030,Naksh Aggarwal,Female,33,Mumbai,Maharashtra,B.Tech,Computer Science,Bhat-Dube Institute,2025,5,Mody-Kari,Backend Developer,Development,"SQL, Power BI, Excel",Azure Fundamentals,5.0,3.1,45,2025-12-04,87,82,89,Selected,Remote,Mumbai
APP0031,Jasmit Hora,Male,27,Bengaluru,Karnataka,MCA,Computer Science,Pal-Patla Institute,2025,1,Dugar-Gole,DevOps Engineer,IT,"Git, CI/CD, Linux",Azure Fundamentals,10.1,8.7,60,2025-07-07,64,98,56,Applied,Hybrid,Bengaluru
APP0032,Darpan Virk,Male,23,Nagpur,Maharashtra,MCA,Information Technology,Kar and Sons Institute,2018,1,Dubey-Vasa,Software Engineer,Development,"MongoDB, Express.js, React",Azure Fundamentals,5.6,4.9,30,2025-09-27,56,72,50,Shortlisted,Hybrid,Nagpur
APP0033,Wazir Kaur,Male,33,Pune,Maharashtra,B.Sc,Data Science,Basak-Chakraborty Institute,2021,5,"Merchant, Virk and Sunder",QA Engineer,Technology,"Java, Spring Boot, MySQL",Oracle Java,11.6,8.7,15,2025-12-15,61,90,75,Rejected,Hybrid,Pune
APP0034,Warhi Morar,Male,26,Gurugram,Haryana,MCA,Data Science,"Sood, Chana and Dhar Institute",2023,4,"D’Alia, Keer and Chaudhry",Java Developer,IT,"Java, Spring Boot, MySQL",AWS Certified,4.8,3.3,0,2026-03-29,53,73,62,Shortlisted,Hybrid,Gurugram
APP0035,Hredhaan Basu,Female,33,Gurugram,Haryana,B.E.,Information Technology,Jani-Kota Institute,2018,8,Tata and Sons,Python Developer,IT,"JavaScript, React, Node.js",None,12.4,10.9,45,2025-08-22,58,62,86,Interviewed,Remote,Gurugram
APP0036,Yasti Devan,Female,34,Nagpur,Maharashtra,M.Sc,Data Science,"Butala, Oommen and Soni Institute",2025,3,Khanna Inc,Backend Developer,Technology,"SQL, Power BI, Excel",AWS Certified,7.9,5.9,0,2026-03-11,51,63,96,Selected,Onsite,Nagpur
APP0037,Parth Wali,Male,35,Hyderabad,Telangana,M.Sc,Computer Science,Pandit and Sons Institute,2018,0,Fresher,Python Developer,Engineering,"Docker, Kubernetes, AWS",None,3.0,0.0,0,2025-11-10,68,93,81,Rejected,Onsite,Hyderabad
APP0038,Krish Radhakrishnan,Female,30,Bengaluru,Karnataka,B.Sc,Computer Science,"Kaul, Vyas and Solanki Institute",2023,3,"Desai, Dalal and Arora",QA Engineer,Technology,"Java, Hibernate, REST API",Oracle Java,5.7,4.7,90,2026-06-05,82,66,66,Rejected,Remote,Bengaluru
APP0039,Jacob Dass,Female,27,Chennai,Tamil Nadu,M.Tech,AI & ML,"Ranganathan, Kala and Lad Institute",2026,2,Goel-Khalsa,Data Analyst,Engineering,"Java, Spring Boot, MySQL",Azure Fundamentals,10.4,9.0,15,2026-05-16,88,86,72,Selected,Hybrid,Chennai
APP0040,Gaurika Dasgupta,Male,35,Hyderabad,Telangana,M.Tech,AI & ML,"Nazareth, Palla and Kumer Institute",2020,8,"Aurora, Venkatesh and Sanghvi",DevOps Engineer,Engineering,"Git, CI/CD, Linux",Azure Fundamentals,10.4,8.0,90,2026-04-13,98,78,81,Applied,Remote,Hyderabad
APP0041,Veda Golla,Male,21,Mumbai,Maharashtra,B.Tech,Data Science,Wali LLC Institute,2017,4,Rana-Das,Full Stack Developer,IT,"JavaScript, React, Node.js",None,13.3,11.2,60,2026-05-06,75,96,71,Selected,Onsite,Mumbai
APP0042,Bhanumati Pandya,Male,30,Nagpur,Maharashtra,M.Sc,AI & ML,"Seth, Dutta and Bandi Institute",2021,8,De Group,Software Engineer,IT,"SQL, Power BI, Excel",Oracle Java,7.7,7.0,0,2026-01-26,52,55,88,Interviewed,Hybrid,Nagpur
APP0043,Mugdha Chana,Female,27,Bengaluru,Karnataka,MCA,Data Science,"Zachariah, Ahuja and Rao Institute",2017,5,"Contractor, Murty and Bansal",Data Analyst,Technology,"Docker, Kubernetes, AWS",Azure Fundamentals,13.1,11.6,30,2026-03-31,100,67,77,Shortlisted,Hybrid,Bengaluru
APP0044,Megha Warrior,Male,30,Noida,Uttar Pradesh,MCA,AI & ML,"Chhabra, Soni and Seshadri Institute",2021,6,Goswami LLC,Full Stack Developer,Engineering,"Java, Spring Boot, MySQL",None,5.3,4.3,0,2025-09-21,65,77,86,Rejected,Remote,Noida
APP0045,Leena Shenoy,Female,31,Chennai,Tamil Nadu,B.Sc,Data Science,Lanka PLC Institute,2021,0,Fresher,Java Developer,Engineering,"MongoDB, Express.js, React",AWS Certified,3.0,0.0,45,2026-03-23,53,50,61,Shortlisted,Remote,Chennai
APP0046,Om Taneja,Female,24,Gurugram,Haryana,B.Sc,Data Science,Doctor Inc Institute,2016,4,"Oak, Mallick and Barman",Software Engineer,Development,"Java, Hibernate, REST API",Azure Fundamentals,6.5,4.0,60,2026-02-02,96,59,92,Selected,Onsite,Gurugram
APP0047,Harshil Kadakia,Female,33,Kolkata,West Bengal,M.Sc,Computer Science,Palan LLC Institute,2023,8,Luthra-Behl,Data Analyst,Technology,"Docker, Kubernetes, AWS",None,9.2,8.6,45,2025-12-03,60,93,84,Applied,Remote,Kolkata
APP0048,Logan Bhasin,Female,26,Delhi,Delhi,B.E.,Information Technology,"Narain, Narayanan and Hans Institute",2021,1,"Zacharia, Agrawal and Karnik",Backend Developer,Technology,"JavaScript, React, Node.js",Oracle Java,9.7,8.6,90,2025-10-17,82,94,86,Interviewed,Remote,Delhi
APP0049,Aachal Raman,Male,26,Bengaluru,Karnataka,B.E.,AI & ML,"Deshmukh, Deol and Patla Institute",2026,6,Om-Rajagopalan,DevOps Engineer,IT,"Java, Spring Boot, MySQL",AWS Certified,9.3,8.7,90,2026-06-03,56,57,90,Applied,Hybrid,Bengaluru
APP0050,Ekapad Bhagat,Female,26,Gurugram,Haryana,MCA,Computer Science,Memon-Rastogi Institute,2020,2,"Kulkarni, Kota and Mani",Java Developer,Engineering,"Java, Spring Boot, MySQL",Azure Fundamentals,5.4,4.1,15,2025-10-15,79,90,65,Rejected,Remote,Gurugram
APP0051,Chanakya Sathe,Female,25,Hyderabad,Telangana,B.E.,AI & ML,"Jha, Varma and Chakrabarti Institute",2019,2,Bhalla Inc,Python Developer,Development,"Git, CI/CD, Linux",Oracle Java,8.8,8.0,60,2025-10-30,67,70,88,Rejected,Hybrid,Hyderabad
APP0052,Bhavani Bir,Female,25,Pune,Maharashtra,MCA,AI & ML,Krishna and Sons Institute,2021,7,"Warrior, Zachariah and Badami",Java Developer,Development,"MongoDB, Express.js, React",None,9.1,6.5,45,2025-09-01,71,86,87,Rejected,Onsite,Pune
APP0053,Chakradhar Loyal,Female,21,Nagpur,Maharashtra,MCA,Computer Science,Varghese-Babu Institute,2026,5,Goyal Ltd,Python Developer,Engineering,"Java, Hibernate, REST API",AWS Certified,9.8,7.6,90,2025-09-16,79,91,85,Shortlisted,Hybrid,Nagpur
APP0054,Aarush Hayer,Male,23,Hyderabad,Telangana,B.Sc,AI & ML,"Mall, Dutta and Bhalla Institute",2023,2,Zachariah-Shankar,Backend Developer,Development,"JavaScript, React, Node.js",None,12.0,11.1,60,2025-08-31,60,89,98,Interviewed,Remote,Hyderabad
APP0055,Samar Basu,Male,28,Nagpur,Maharashtra,MCA,AI & ML,"Sachar, Soman and Kashyap Institute",2022,0,Fresher,Full Stack Developer,IT,"Python, Django, PostgreSQL",Azure Fundamentals,3.0,0.0,60,2025-12-17,80,81,98,Shortlisted,Remote,Nagpur
APP0056,Yasti Balakrishnan,Male,24,Nagpur,Maharashtra,B.E.,AI & ML,Sarin-Char Institute,2026,5,Deshpande and Sons,Python Developer,IT,"Git, CI/CD, Linux",None,7.7,6.6,0,2025-09-24,99,71,95,Interviewed,Remote,Nagpur
APP0057,Amruta Rout,Female,25,Hyderabad,Telangana,M.Sc,Data Science,Bhattacharyya Group Institute,2020,0,Fresher,DevOps Engineer,Technology,"JavaScript, React, Node.js",AWS Certified,3.0,0.0,45,2025-08-20,83,73,79,Interviewed,Remote,Hyderabad
APP0058,Urvi Batta,Male,27,Pune,Maharashtra,MCA,Data Science,Tara-Sangha Institute,2020,7,"Srinivas, Luthra and Datta",DevOps Engineer,Technology,"Docker, Kubernetes, AWS",AWS Certified,5.9,3.6,90,2025-10-31,61,50,83,Selected,Hybrid,Pune
APP0059,Lila Agate,Male,32,Pune,Maharashtra,B.E.,Information Technology,Kibe Inc Institute,2016,2,"Garg, Kohli and Uppal",Python Developer,Engineering,"SQL, Power BI, Excel",AWS Certified,11.7,9.2,60,2026-05-23,91,51,71,Interviewed,Onsite,Pune
APP0060,Meghana Murty,Male,35,Hyderabad,Telangana,B.Tech,Computer Science,Chatterjee-Sane Institute,2023,5,"Sami, Mukhopadhyay and Chacko",QA Engineer,Technology,"MongoDB, Express.js, React",Oracle Java,9.9,8.9,0,2026-05-25,61,82,55,Interviewed,Hybrid,Hyderabad
APP0061,Mohammed Gole,Male,21,Hyderabad,Telangana,B.Sc,AI & ML,Chaudhry LLC Institute,2023,7,"Bhat, Sinha and Lanka",Backend Developer,IT,"Java, Spring Boot, MySQL",None,9.1,8.4,90,2025-09-21,75,84,72,Interviewed,Hybrid,Hyderabad
APP0062,Ekiya Issac,Male,31,Chennai,Tamil Nadu,B.E.,Information Technology,Talwar Group Institute,2018,5,Mody and Sons,Full Stack Developer,IT,"Java, Spring Boot, MySQL",Azure Fundamentals,9.0,7.9,45,2025-12-31,73,56,82,Interviewed,Onsite,Chennai
APP0063,Harini Murthy,Female,25,Bengaluru,Karnataka,B.Sc,AI & ML,Agate-Dasgupta Institute,2018,4,Chowdhury-Guha,Python Developer,Technology,"Docker, Kubernetes, AWS",Azure Fundamentals,7.8,4.9,45,2026-02-18,83,66,73,Applied,Remote,Bengaluru
APP0064,Robert Parsa,Male,32,Noida,Uttar Pradesh,B.E.,Data Science,"Mody, Korpal and Pingle Institute",2019,2,Iyer-Anne,QA Engineer,Technology,"Git, CI/CD, Linux",Azure Fundamentals,6.6,6.0,60,2026-02-10,56,89,79,Selected,Onsite,Noida
APP0065,Benjamin Brahmbhatt,Female,27,Chennai,Tamil Nadu,B.Tech,Data Science,Mukhopadhyay-Shanker Institute,2025,5,"Devi, Wali and Halder",Software Engineer,IT,"Git, CI/CD, Linux",Azure Fundamentals,5.8,4.6,30,2025-07-24,81,81,76,Rejected,Remote,Chennai
APP0066,Pushti Chacko,Female,35,Chennai,Tamil Nadu,M.Sc,Data Science,Kapadia-Mishra Institute,2018,3,Setty-Sethi,Python Developer,IT,"SQL, Power BI, Excel",AWS Certified,6.0,4.0,60,2025-11-10,61,75,75,Rejected,Hybrid,Chennai
APP0067,Orinder Chanda,Female,22,Kolkata,West Bengal,MCA,Computer Science,"Sethi, Wason and Naidu Institute",2021,2,"Banik, Kibe and Setty",Full Stack Developer,Development,"SQL, Power BI, Excel",AWS Certified,14.2,11.8,15,2025-12-11,63,60,78,Applied,Remote,Kolkata
APP0068,Rushil Manda,Female,25,Kolkata,West Bengal,M.Sc,AI & ML,Pall-Nagy Institute,2020,5,Sastry-Bhargava,Data Analyst,Engineering,"MongoDB, Express.js, React",Oracle Java,5.3,4.1,15,2026-05-31,83,61,96,Interviewed,Remote,Kolkata
APP0069,Gaurang Luthra,Female,32,Gurugram,Haryana,B.Sc,AI & ML,"Rout, Ramaswamy and Manne Institute",2020,1,"Rajagopal, Varty and Shenoy",Backend Developer,IT,"SQL, Power BI, Excel",Azure Fundamentals,8.7,7.0,45,2025-10-19,64,65,87,Selected,Hybrid,Gurugram
APP0070,Ekalinga Vala,Male,29,Kolkata,West Bengal,MCA,AI & ML,"Chadha, Bahri and Toor Institute",2022,2,Atwal Ltd,QA Engineer,Development,"Python, Django, PostgreSQL",AWS Certified,13.6,11.6,45,2025-08-13,86,100,50,Interviewed,Remote,Kolkata
APP0071,Frederick Patel,Female,27,Hyderabad,Telangana,M.Tech,Data Science,Mander-Setty Institute,2017,7,Choudhry-Contractor,Data Analyst,Technology,"Python, Django, PostgreSQL",None,5.6,4.9,45,2025-10-31,57,54,69,Interviewed,Remote,Hyderabad
APP0072,Edhitha Badami,Male,24,Noida,Uttar Pradesh,M.Sc,Computer Science,Garg-Parmer Institute,2018,0,Fresher,Python Developer,Development,"Python, Django, PostgreSQL",AWS Certified,3.0,0.0,45,2026-02-16,91,100,99,Selected,Onsite,Noida
APP0073,Vritti Mandal,Female,22,Gurugram,Haryana,MCA,Computer Science,Oza-Nori Institute,2018,3,Doctor-Pau,QA Engineer,Engineering,"Java, Spring Boot, MySQL",Oracle Java,10.1,8.7,60,2026-05-09,59,100,93,Interviewed,Onsite,Gurugram
APP0074,Aarush Johal,Female,34,Kolkata,West Bengal,MCA,Data Science,Bahl-Sarin Institute,2019,5,"Patil, Nanda and Hayer",Backend Developer,Technology,"Docker, Kubernetes, AWS",None,5.5,4.6,90,2026-06-07,67,91,69,Selected,Remote,Kolkata
APP0075,Fiyaz Aurora,Female,26,Gurugram,Haryana,B.E.,Computer Science,Bhardwaj PLC Institute,2017,1,"Sundaram, Dutta and Kuruvilla",QA Engineer,Engineering,"SQL, Power BI, Excel",Oracle Java,4.5,3.3,60,2026-05-07,92,80,89,Shortlisted,Onsite,Gurugram
APP0076,Sanaya Johal,Female,27,Bengaluru,Karnataka,B.Tech,AI & ML,Pingle Ltd Institute,2018,6,Mitter-Divan,Data Analyst,Engineering,"Docker, Kubernetes, AWS",None,5.1,4.3,90,2026-05-05,92,61,76,Rejected,Remote,Bengaluru
APP0077,Girish Solanki,Male,22,Chennai,Tamil Nadu,M.Sc,Information Technology,"Shankar, Kalla and Seth Institute",2022,2,"Bora, Nagar and Ratta",Software Engineer,Technology,"MongoDB, Express.js, React",AWS Certified,9.1,7.9,0,2025-09-17,68,100,88,Shortlisted,Remote,Chennai
APP0078,Laban Rajan,Male,25,Delhi,Delhi,M.Sc,Data Science,"Verma, Wali and Ramachandran Institute",2025,3,Bhatnagar-Kohli,Full Stack Developer,Engineering,"JavaScript, React, Node.js",AWS Certified,8.7,6.3,15,2025-08-21,81,51,80,Selected,Onsite,Delhi
APP0079,Jeevika Nigam,Male,23,Pune,Maharashtra,MCA,AI & ML,"Pandit, Varkey and Lala Institute",2025,7,Cherian-Shenoy,QA Engineer,Development,"Docker, Kubernetes, AWS",Oracle Java,8.7,6.1,30,2025-10-08,67,63,78,Selected,Hybrid,Pune
APP0080,Hemani Sunder,Male,25,Pune,Maharashtra,B.E.,Computer Science,"Memon, Sarkar and Kant Institute",2025,3,"Mani, Sem and Kale",Software Engineer,IT,"Git, CI/CD, Linux",AWS Certified,8.2,5.5,45,2026-05-14,65,56,91,Rejected,Hybrid,Pune
APP0081,Ojasvi Purohit,Male,28,Gurugram,Haryana,B.E.,Computer Science,"Goswami, Som and Rout Institute",2025,0,Fresher,QA Engineer,Engineering,"JavaScript, React, Node.js",None,3.0,0.0,90,2025-08-11,65,68,68,Selected,Onsite,Gurugram
APP0082,Oscar Vora,Female,25,Mumbai,Maharashtra,B.Tech,Data Science,Baria PLC Institute,2023,7,"Biswas, Dhar and Tara",Software Engineer,Engineering,"JavaScript, React, Node.js",None,9.3,7.3,90,2025-11-24,62,89,69,Applied,Hybrid,Mumbai
APP0083,Sai Saha,Female,23,Chennai,Tamil Nadu,B.Sc,Data Science,Desai-Issac Institute,2017,4,Mall Group,Full Stack Developer,IT,"Docker, Kubernetes, AWS",None,5.5,2.6,15,2026-04-22,76,53,85,Selected,Hybrid,Chennai
APP0084,Yahvi Vaidya,Male,33,Chennai,Tamil Nadu,B.Sc,Computer Science,Shanker Inc Institute,2023,7,Sarraf and Sons,Data Analyst,Development,"Git, CI/CD, Linux",None,7.2,4.9,60,2026-02-05,71,84,86,Interviewed,Hybrid,Chennai
APP0085,Ekaja Devi,Male,33,Gurugram,Haryana,B.Tech,AI & ML,"Vora, Edwin and Krishnamurthy Institute",2025,5,Narasimhan-Shukla,Backend Developer,Technology,"MongoDB, Express.js, React",Oracle Java,13.3,11.0,45,2025-08-05,99,98,89,Applied,Remote,Gurugram
APP0086,Diya Kala,Female,23,Bengaluru,Karnataka,B.Tech,Information Technology,Chaudhari-Bhalla Institute,2026,2,"Kalla, Wali and Tiwari",DevOps Engineer,IT,"SQL, Power BI, Excel",Oracle Java,8.3,7.6,0,2025-12-25,66,69,55,Rejected,Onsite,Bengaluru
APP0087,Chameli Rattan,Female,29,Hyderabad,Telangana,B.Sc,AI & ML,Dhar-Kala Institute,2020,1,Saini Ltd,Data Analyst,Engineering,"Docker, Kubernetes, AWS",Azure Fundamentals,14.3,11.3,15,2025-06-24,79,85,71,Rejected,Remote,Hyderabad
APP0088,Logan Tandon,Male,22,Noida,Uttar Pradesh,M.Tech,Data Science,Deshpande-Raghavan Institute,2020,4,Dey-Sidhu,Python Developer,Development,"Docker, Kubernetes, AWS",None,5.4,2.9,60,2025-11-16,97,80,84,Rejected,Onsite,Noida
APP0089,Yashodhara Bhakta,Male,21,Mumbai,Maharashtra,B.Sc,Data Science,"Golla, Shukla and Goyal Institute",2021,2,"Bhavsar, Ramanathan and Chada",QA Engineer,IT,"JavaScript, React, Node.js",None,6.3,4.1,0,2025-10-31,58,78,61,Interviewed,Hybrid,Mumbai
APP0090,Yasti Bera,Female,34,Gurugram,Haryana,M.Sc,AI & ML,Zacharia Group Institute,2017,2,Bal-Seshadri,Backend Developer,IT,"JavaScript, React, Node.js",Azure Fundamentals,5.2,3.9,90,2026-04-16,99,53,55,Shortlisted,Hybrid,Gurugram
APP0091,Yadavi Buch,Female,26,Bengaluru,Karnataka,B.Sc,Computer Science,"Sane, Naik and Patla Institute",2016,7,"Krish, Bawa and Chander",Python Developer,Engineering,"Java, Hibernate, REST API",Oracle Java,9.8,7.8,45,2026-05-21,86,68,64,Rejected,Onsite,Bengaluru
APP0092,Falak Sur,Female,33,Pune,Maharashtra,MCA,AI & ML,"Bhalla, Bumb and Goyal Institute",2019,6,"Narula, Batta and Hans",Full Stack Developer,Engineering,"Docker, Kubernetes, AWS",Azure Fundamentals,5.2,2.5,30,2026-05-12,85,83,54,Interviewed,Onsite,Pune
APP0093,Kashvi Uppal,Male,33,Mumbai,Maharashtra,B.Tech,Information Technology,Borde Group Institute,2024,2,"Chanda, Sankar and Murthy",Backend Developer,Development,"SQL, Power BI, Excel",AWS Certified,5.7,4.9,30,2026-02-09,77,52,85,Interviewed,Onsite,Mumbai
APP0094,Neelima Brar,Male,25,Kolkata,West Bengal,M.Sc,Information Technology,Kanda-Wali Institute,2019,7,Sem Group,Backend Developer,Technology,"Python, Django, PostgreSQL",AWS Certified,9.5,7.8,45,2026-05-27,85,99,86,Shortlisted,Remote,Kolkata
APP0095,Lopa Sama,Male,21,Delhi,Delhi,B.E.,AI & ML,Goel Ltd Institute,2023,6,Kamdar-Raja,Data Analyst,IT,"Docker, Kubernetes, AWS",AWS Certified,8.2,5.6,60,2025-07-22,67,60,59,Interviewed,Onsite,Delhi
APP0096,Ekansh Guha,Female,27,Kolkata,West Bengal,B.E.,Computer Science,Krishnamurthy LLC Institute,2018,8,Kuruvilla-Naidu,Backend Developer,Technology,"Java, Spring Boot, MySQL",None,12.3,9.6,45,2025-10-26,74,53,78,Rejected,Onsite,Kolkata
APP0097,Hritik Guha,Male,22,Gurugram,Haryana,B.Sc,AI & ML,Srinivasan-Wable Institute,2019,6,"Pant, Raj and Cherian",Java Developer,Engineering,"SQL, Power BI, Excel",AWS Certified,7.1,5.6,60,2025-07-12,75,65,91,Shortlisted,Hybrid,Gurugram
APP0098,Chakradev Rattan,Female,34,Pune,Maharashtra,B.Sc,Information Technology,Dayal-Deep Institute,2018,2,"Cherian, Balakrishnan and Dyal",DevOps Engineer,Technology,"Git, CI/CD, Linux",Azure Fundamentals,12.5,11.8,90,2025-09-22,54,56,76,Applied,Hybrid,Pune
APP0099,Saumya Nayak,Male,28,Hyderabad,Telangana,M.Tech,Data Science,"Kala, Gupta and Kalla Institute",2020,0,Fresher,Software Engineer,Engineering,"MongoDB, Express.js, React",None,3.0,0.0,15,2026-06-14,99,56,50,Shortlisted,Hybrid,Hyderabad
APP0100,Mohini Sarkar,Female,23,Kolkata,West Bengal,B.Sc,AI & ML,"Oza, Bhat and Dash Institute",2025,0,Fresher,Java Developer,Engineering,"Docker, Kubernetes, AWS",Oracle Java,3.0,0.0,0,2025-10-16,97,99,78,Interviewed,Onsite,Kolkata
APP0101,Sudiksha Kanda,Female,21,Delhi,Delhi,MCA,Information Technology,"Contractor, Padmanabhan and Ramachandran Institute",2022,7,Krishnan PLC,Full Stack Developer,Engineering,"Python, Django, PostgreSQL",Azure Fundamentals,9.3,8.2,45,2026-06-17,89,95,97,Rejected,Hybrid,Delhi
APP0102,Ekalinga Gala,Male,21,Chennai,Tamil Nadu,M.Sc,Data Science,Talwar-Jha Institute,2018,3,"D’Alia, Raja and Sami",Software Engineer,IT,"SQL, Power BI, Excel",AWS Certified,13.2,10.9,15,2025-08-23,67,58,89,Shortlisted,Hybrid,Chennai
APP0103,Bhavika Loyal,Female,33,Gurugram,Haryana,MCA,AI & ML,Parsa-Vohra Institute,2016,7,"Narayan, Minhas and Dash",Software Engineer,Technology,"JavaScript, React, Node.js",None,4.9,4.3,30,2025-11-27,96,79,77,Interviewed,Remote,Gurugram
APP0104,Tanay Manda,Female,25,Mumbai,Maharashtra,B.E.,Computer Science,"Pau, Prabhu and Chokshi Institute",2018,7,Sahota Ltd,Data Analyst,Technology,"SQL, Power BI, Excel",None,6.6,5.7,60,2025-07-18,57,89,60,Interviewed,Hybrid,Mumbai
APP0105,Baljiwan Atwal,Female,29,Mumbai,Maharashtra,B.Sc,Information Technology,Badami and Sons Institute,2017,3,"Merchant, Kota and Lad",Python Developer,Development,"MongoDB, Express.js, React",AWS Certified,6.8,4.7,0,2025-12-03,68,72,92,Applied,Remote,Mumbai
APP0106,Yagnesh Shukla,Female,35,Gurugram,Haryana,M.Tech,AI & ML,Shenoy PLC Institute,2025,8,Bassi Ltd,Data Analyst,Development,"JavaScript, React, Node.js",Oracle Java,10.4,7.8,0,2026-05-23,80,61,52,Interviewed,Onsite,Gurugram
APP0107,Zayyan Mander,Male,34,Hyderabad,Telangana,M.Tech,Computer Science,Patel Ltd Institute,2018,6,Kakar Ltd,Backend Developer,Technology,"Docker, Kubernetes, AWS",None,7.6,6.2,90,2025-07-10,66,84,71,Rejected,Remote,Hyderabad
APP0108,Tara Banik,Male,32,Pune,Maharashtra,B.E.,Data Science,Banik Ltd Institute,2019,7,Kapoor and Sons,QA Engineer,Development,"SQL, Power BI, Excel",Oracle Java,12.2,10.8,30,2025-12-16,85,52,64,Shortlisted,Hybrid,Pune
APP0109,Chameli Mani,Male,26,Pune,Maharashtra,M.Tech,Data Science,Pradhan Group Institute,2016,2,"Malhotra, D’Alia and Rajan",Java Developer,IT,"Docker, Kubernetes, AWS",None,7.7,6.9,0,2025-09-05,58,70,75,Applied,Remote,Pune
APP0110,Samarth Sule,Female,27,Noida,Uttar Pradesh,B.Tech,Computer Science,Dugar-Keer Institute,2018,3,"Dhar, Chaudhuri and Chaudhuri",Full Stack Developer,Technology,"Python, Django, PostgreSQL",Azure Fundamentals,11.0,10.1,15,2025-11-28,81,72,94,Applied,Remote,Noida
APP0111,Bahadurjit Tak,Male,22,Delhi,Delhi,B.Tech,Information Technology,Sheth Group Institute,2024,3,"Chada, Ramanathan and Brar",Data Analyst,Development,"Docker, Kubernetes, AWS",AWS Certified,8.2,7.5,30,2026-02-07,50,64,98,Applied,Onsite,Delhi
APP0112,Chaman Chakraborty,Male,21,Kolkata,West Bengal,B.Tech,AI & ML,Bhargava-Mody Institute,2017,7,Chopra-Banik,QA Engineer,Development,"MongoDB, Express.js, React",AWS Certified,7.3,4.4,30,2025-08-12,76,59,92,Interviewed,Hybrid,Kolkata
APP0113,Simon Dass,Female,25,Nagpur,Maharashtra,B.Sc,AI & ML,Batta PLC Institute,2020,2,Chaudhry-Mody,QA Engineer,Engineering,"Python, Django, PostgreSQL",Oracle Java,5.9,5.2,30,2025-11-26,85,56,84,Applied,Remote,Nagpur
APP0114,Nidra Palla,Female,29,Nagpur,Maharashtra,M.Tech,AI & ML,Acharya-Srivastava Institute,2017,6,"Ramachandran, Nagarajan and Mitra",Java Developer,Technology,"Java, Hibernate, REST API",Azure Fundamentals,12.3,9.3,90,2025-07-15,65,59,71,Rejected,Onsite,Nagpur
APP0115,Shaurya Bahl,Female,23,Chennai,Tamil Nadu,M.Tech,Computer Science,Bhatnagar-Pingle Institute,2025,3,Palla Group,DevOps Engineer,Engineering,"Docker, Kubernetes, AWS",AWS Certified,9.6,7.9,45,2025-11-02,53,87,70,Applied,Onsite,Chennai
APP0116,Viraj Walia,Male,25,Noida,Uttar Pradesh,B.Sc,AI & ML,"Mannan, Sarraf and Loke Institute",2024,4,"Mani, Contractor and Parsa",Data Analyst,Technology,"Docker, Kubernetes, AWS",None,9.4,8.1,0,2025-07-08,66,89,73,Rejected,Onsite,Noida
APP0117,Kala Raval,Male,30,Chennai,Tamil Nadu,M.Tech,AI & ML,Bakshi-Venkatesh Institute,2016,1,"Andra, Krishnamurthy and Wali",Java Developer,Development,"Java, Spring Boot, MySQL",None,10.8,8.2,0,2026-02-15,66,88,59,Interviewed,Remote,Chennai
APP0118,Bhavna Sandhu,Female,25,Hyderabad,Telangana,M.Sc,AI & ML,"Zacharia, More and Vora Institute",2016,5,Chatterjee-Hayer,Backend Developer,Development,"SQL, Power BI, Excel",AWS Certified,5.1,3.6,45,2026-02-06,61,65,71,Applied,Onsite,Hyderabad
APP0119,Yuvraj Oommen,Male,27,Gurugram,Haryana,B.Tech,AI & ML,"Sama, Ramaswamy and Vohra Institute",2026,6,"Venkatesh, Jaggi and Setty",Full Stack Developer,Engineering,"Git, CI/CD, Linux",AWS Certified,7.9,5.0,90,2025-08-20,63,82,100,Shortlisted,Onsite,Gurugram
APP0120,Ojasvi Andra,Female,24,Kolkata,West Bengal,B.Sc,Computer Science,Golla Inc Institute,2022,2,Kumer-Verma,Data Analyst,Technology,"Python, Django, PostgreSQL",Azure Fundamentals,9.2,6.6,45,2026-04-12,67,80,94,Rejected,Onsite,Kolkata
APP0121,Dhruv Mani,Female,29,Gurugram,Haryana,M.Sc,Computer Science,Sidhu-Raval Institute,2019,5,"Sidhu, Das and Bir",Python Developer,Engineering,"SQL, Power BI, Excel",AWS Certified,12.4,11.0,0,2026-04-05,96,94,71,Shortlisted,Remote,Gurugram
APP0122,Garima Gandhi,Female,27,Mumbai,Maharashtra,MCA,Data Science,Master-Banerjee Institute,2024,1,"Subramanian, Upadhyay and Pant",Backend Developer,IT,"MongoDB, Express.js, React",None,7.3,5.1,90,2025-11-30,94,79,70,Interviewed,Hybrid,Mumbai
APP0123,Shivansh Nayar,Female,29,Pune,Maharashtra,M.Sc,AI & ML,Madan-Puri Institute,2026,5,Dugar Inc,DevOps Engineer,IT,"Java, Hibernate, REST API",AWS Certified,3.7,2.7,15,2026-04-01,94,82,80,Selected,Onsite,Pune
APP0124,Tarak Pradhan,Male,32,Nagpur,Maharashtra,MCA,Information Technology,Srinivasan-Garg Institute,2020,5,Iyengar-Kaul,DevOps Engineer,Engineering,"Java, Hibernate, REST API",Azure Fundamentals,6.1,3.6,0,2025-07-12,59,95,97,Rejected,Onsite,Nagpur
APP0125,Kamya Tak,Male,21,Mumbai,Maharashtra,M.Tech,Computer Science,"Kurian, Minhas and Patla Institute",2022,4,Mukhopadhyay-Dugar,Software Engineer,Development,"Java, Spring Boot, MySQL",Oracle Java,5.5,2.6,0,2026-05-03,79,54,69,Interviewed,Onsite,Mumbai
APP0126,Chatresh Lad,Female,35,Kolkata,West Bengal,B.E.,Data Science,Balakrishnan Ltd Institute,2020,6,Khosla Group,DevOps Engineer,Engineering,"Python, Django, PostgreSQL",Azure Fundamentals,9.4,7.1,60,2025-11-14,80,75,84,Selected,Remote,Kolkata
APP0127,Anusha Bumb,Male,25,Chennai,Tamil Nadu,B.E.,Information Technology,Sekhon-Mane Institute,2021,8,Magar-Contractor,Full Stack Developer,Engineering,"Python, Django, PostgreSQL",AWS Certified,11.5,8.8,30,2026-05-04,75,64,54,Selected,Remote,Chennai
APP0128,Abdul Khurana,Female,22,Bengaluru,Karnataka,M.Sc,Computer Science,Mall-Barad Institute,2021,3,"Sachdev, Bhatt and Mand",Java Developer,Development,"Git, CI/CD, Linux",Azure Fundamentals,6.1,4.3,15,2025-09-16,79,66,71,Shortlisted,Onsite,Bengaluru
APP0129,Xalak Batta,Male,27,Hyderabad,Telangana,M.Tech,Data Science,"Atwal, Chaudry and Reddy Institute",2019,8,Chaudry LLC,Data Analyst,Development,"Java, Hibernate, REST API",None,10.1,8.4,0,2025-06-25,82,59,89,Rejected,Hybrid,Hyderabad
APP0130,Ishita Kala,Male,26,Kolkata,West Bengal,M.Sc,Computer Science,"Das, Shah and Soman Institute",2022,2,"Amble, Kunda and Nair",Software Engineer,Engineering,"Java, Hibernate, REST API",AWS Certified,9.1,6.4,90,2025-08-29,82,65,69,Shortlisted,Onsite,Kolkata
APP0131,Meghana Seth,Female,21,Gurugram,Haryana,M.Sc,Information Technology,Raj Ltd Institute,2018,2,"Dugar, Sha and Dubey",Full Stack Developer,Technology,"MongoDB, Express.js, React",Oracle Java,8.0,6.8,30,2025-10-09,66,58,51,Rejected,Hybrid,Gurugram
APP0132,Jasmit Lad,Female,33,Delhi,Delhi,M.Tech,Computer Science,Ramesh Inc Institute,2023,4,"Raja, Lala and Shan",Data Analyst,Development,"Docker, Kubernetes, AWS",None,12.8,11.2,45,2026-04-22,97,87,73,Applied,Hybrid,Delhi
APP0133,Abha Chad,Male,33,Noida,Uttar Pradesh,MCA,Computer Science,"Bose, Doctor and Raja Institute",2025,8,Muni-Narasimhan,Software Engineer,Engineering,"Python, Django, PostgreSQL",None,7.7,4.9,15,2026-04-30,78,55,80,Shortlisted,Onsite,Noida
APP0134,Jeet Karpe,Female,32,Noida,Uttar Pradesh,B.Sc,Information Technology,Tank Ltd Institute,2022,0,Fresher,Software Engineer,IT,"Python, Django, PostgreSQL",None,3.0,0.0,15,2026-05-06,54,93,60,Selected,Hybrid,Noida
APP0135,Falak Bali,Female,31,Hyderabad,Telangana,B.E.,AI & ML,Oza-Bobal Institute,2022,3,Borah Ltd,Software Engineer,Engineering,"Java, Hibernate, REST API",AWS Certified,11.1,10.1,45,2026-02-28,92,50,79,Shortlisted,Onsite,Hyderabad
APP0136,Chaaya Wadhwa,Male,29,Bengaluru,Karnataka,MCA,Data Science,"Bhasin, Vig and Ahuja Institute",2024,8,Balay LLC,Data Analyst,Engineering,"Python, Django, PostgreSQL",None,11.9,9.9,45,2026-04-15,65,94,64,Applied,Onsite,Bengaluru
APP0137,Anika Issac,Male,30,Nagpur,Maharashtra,B.Sc,Computer Science,Talwar-Sankar Institute,2025,7,"Lata, Chhabra and Taneja",Full Stack Developer,Technology,"Git, CI/CD, Linux",None,8.5,6.9,30,2026-06-06,86,64,71,Applied,Hybrid,Nagpur
APP0138,Anita Sastry,Male,24,Noida,Uttar Pradesh,B.Sc,Information Technology,Kadakia Ltd Institute,2019,7,Bhavsar-Chaudhari,Full Stack Developer,Technology,"Java, Spring Boot, MySQL",None,5.4,3.6,60,2025-06-18,59,64,100,Shortlisted,Hybrid,Noida
APP0139,Ganga Gopal,Female,32,Nagpur,Maharashtra,M.Tech,Information Technology,Chhabra Ltd Institute,2024,3,Subramanian-Garde,Java Developer,Engineering,"Python, Django, PostgreSQL",Azure Fundamentals,5.1,3.4,90,2025-08-23,63,64,71,Rejected,Remote,Nagpur
APP0140,Hredhaan Barad,Female,25,Mumbai,Maharashtra,B.Tech,AI & ML,Sekhon-Rout Institute,2019,6,Borra Group,Java Developer,IT,"JavaScript, React, Node.js",None,5.9,4.7,0,2025-12-18,67,52,63,Shortlisted,Remote,Mumbai
APP0141,Saanvi Kamdar,Male,28,Nagpur,Maharashtra,B.Tech,AI & ML,"Chandra, Dara and Aurora Institute",2022,1,Bhargava Ltd,Data Analyst,Technology,"Java, Hibernate, REST API",None,5.5,3.5,15,2026-04-07,88,67,98,Rejected,Hybrid,Nagpur
APP0142,Guneet Sha,Female,35,Pune,Maharashtra,MCA,Data Science,Srinivas-Prashad Institute,2021,0,Fresher,Software Engineer,Development,"Git, CI/CD, Linux",None,3.0,0.0,30,2025-07-10,52,79,89,Rejected,Hybrid,Pune
APP0143,Zayan Subramanian,Female,26,Delhi,Delhi,M.Sc,AI & ML,"Gandhi, Mukherjee and Panchal Institute",2023,7,Pai-Karan,Python Developer,Engineering,"Java, Spring Boot, MySQL",Oracle Java,12.4,10.7,15,2025-12-09,78,91,67,Rejected,Remote,Delhi
APP0144,Kashish Sibal,Male,33,Hyderabad,Telangana,M.Sc,Computer Science,Deo Inc Institute,2024,8,Andra LLC,Full Stack Developer,Development,"MongoDB, Express.js, React",None,5.1,4.4,0,2025-12-16,56,91,67,Rejected,Remote,Hyderabad
APP0145,Mugdha Balay,Male,26,Gurugram,Haryana,B.E.,Data Science,Kumer-Soni Institute,2021,8,Virk-Bahri,Data Analyst,Technology,"SQL, Power BI, Excel",Oracle Java,13.7,10.7,30,2026-03-07,54,82,50,Shortlisted,Onsite,Gurugram
APP0146,Vivaan Dani,Male,31,Gurugram,Haryana,B.Tech,Data Science,Kamdar Group Institute,2025,5,Agrawal-Dhar,Java Developer,Engineering,"Python, Django, PostgreSQL",AWS Certified,11.8,9.5,30,2026-01-25,74,99,100,Applied,Hybrid,Gurugram
APP0147,Urmi Mital,Male,27,Mumbai,Maharashtra,MCA,Data Science,"Sant, Chatterjee and Brar Institute",2016,7,Dugar-Korpal,DevOps Engineer,Development,"Python, Django, PostgreSQL",Azure Fundamentals,8.6,6.0,90,2025-07-25,75,85,84,Shortlisted,Onsite,Mumbai
APP0148,Pallavi Dayal,Male,32,Bengaluru,Karnataka,MCA,AI & ML,Solanki PLC Institute,2018,4,Muni and Sons,Backend Developer,Engineering,"Python, Django, PostgreSQL",AWS Certified,5.3,4.4,90,2025-07-19,54,93,58,Shortlisted,Remote,Bengaluru
APP0149,Jai Kade,Male,30,Nagpur,Maharashtra,MCA,Data Science,Pai PLC Institute,2021,0,Fresher,Python Developer,IT,"JavaScript, React, Node.js",AWS Certified,3.0,0.0,60,2026-03-24,58,64,72,Rejected,Hybrid,Nagpur
APP0150,Nitesh Char,Male,30,Delhi,Delhi,B.E.,Data Science,Mani Group Institute,2023,0,Fresher,Software Engineer,IT,"Git, CI/CD, Linux",Oracle Java,3.0,0.0,45,2026-04-21,65,76,96,Shortlisted,Hybrid,Delhi
APP0151,Ekantika Desai,Male,21,Mumbai,Maharashtra,M.Sc,Data Science,Narain and Sons Institute,2019,2,"Vaidya, Shetty and Bava",Full Stack Developer,Development,"Python, Django, PostgreSQL",AWS Certified,6.9,4.7,30,2026-03-04,86,70,98,Interviewed,Remote,Mumbai
APP0152,Henry Pradhan,Male,31,Hyderabad,Telangana,MCA,Computer Science,Bora PLC Institute,2019,0,Fresher,Data Analyst,IT,"Java, Hibernate, REST API",None,3.0,0.0,45,2026-06-12,87,57,84,Selected,Remote,Hyderabad
APP0153,Viraj Ratta,Female,29,Noida,Uttar Pradesh,MCA,Computer Science,"Mane, Bassi and Peri Institute",2024,7,Kala Ltd,Java Developer,Engineering,"Java, Spring Boot, MySQL",Azure Fundamentals,14.3,11.5,60,2025-12-20,58,61,96,Selected,Remote,Noida
APP0154,Joshua Nazareth,Female,31,Delhi,Delhi,M.Tech,Computer Science,Bahl-Behl Institute,2017,5,"Pau, Saini and Palla",Backend Developer,Engineering,"JavaScript, React, Node.js",Azure Fundamentals,9.2,7.6,15,2025-09-01,99,56,87,Shortlisted,Onsite,Delhi
APP0155,Gaurav Bhasin,Male,31,Kolkata,West Bengal,B.E.,Data Science,Kara-Panchal Institute,2018,1,Bava Inc,Python Developer,Technology,"Python, Django, PostgreSQL",Azure Fundamentals,4.2,2.9,60,2026-01-05,66,64,52,Shortlisted,Onsite,Kolkata
APP0156,Indali Biswas,Female,26,Nagpur,Maharashtra,B.Sc,AI & ML,Palla and Sons Institute,2026,0,Fresher,Java Developer,IT,"Java, Hibernate, REST API",Oracle Java,3.0,0.0,90,2026-01-08,71,98,61,Shortlisted,Remote,Nagpur
APP0157,Ekaraj Seth,Female,25,Mumbai,Maharashtra,B.E.,Information Technology,Mahal-Sathe Institute,2019,0,Fresher,Java Developer,Engineering,"MongoDB, Express.js, React",None,3.0,0.0,0,2026-01-19,87,68,67,Interviewed,Remote,Mumbai
APP0158,Tara Hegde,Female,26,Noida,Uttar Pradesh,MCA,Data Science,Lata LLC Institute,2019,4,"Grewal, Barad and Rout",Backend Developer,IT,"Java, Spring Boot, MySQL",Oracle Java,10.4,8.7,30,2026-01-15,89,64,74,Rejected,Hybrid,Noida
APP0159,Samuel Nayar,Male,30,Delhi,Delhi,B.Tech,Computer Science,Modi Group Institute,2024,3,Gera Ltd,Data Analyst,Development,"Docker, Kubernetes, AWS",Azure Fundamentals,8.2,7.2,90,2025-07-31,57,93,65,Applied,Remote,Delhi
APP0160,Pratyush Shenoy,Female,32,Pune,Maharashtra,MCA,Data Science,Varghese-Kurian Institute,2016,0,Fresher,Backend Developer,Technology,"Git, CI/CD, Linux",AWS Certified,3.0,0.0,60,2025-12-05,58,73,91,Selected,Remote,Pune
APP0161,Tanish Sunder,Male,32,Chennai,Tamil Nadu,MCA,AI & ML,Anand LLC Institute,2018,0,Fresher,Full Stack Developer,Technology,"Java, Spring Boot, MySQL",AWS Certified,3.0,0.0,60,2026-05-26,72,68,99,Interviewed,Onsite,Chennai
APP0162,Mekhala Bakshi,Male,29,Chennai,Tamil Nadu,MCA,Computer Science,Chaudhry Inc Institute,2018,2,Kalla Group,Python Developer,IT,"SQL, Power BI, Excel",Oracle Java,5.9,4.3,90,2025-10-29,84,59,65,Shortlisted,Onsite,Chennai
APP0163,Amruta Bassi,Male,24,Delhi,Delhi,M.Sc,AI & ML,Khosla LLC Institute,2026,3,"Sachdev, Apte and Arora",Full Stack Developer,Engineering,"SQL, Power BI, Excel",Oracle Java,8.9,8.2,90,2025-11-23,50,51,97,Applied,Remote,Delhi
APP0164,Girish Pai,Male,34,Mumbai,Maharashtra,M.Sc,Information Technology,"Pal, Karpe and Handa Institute",2026,0,Fresher,Software Engineer,Engineering,"SQL, Power BI, Excel",Oracle Java,3.0,0.0,15,2026-03-17,54,83,67,Selected,Remote,Mumbai
APP0165,Samarth Raman,Male,31,Mumbai,Maharashtra,M.Tech,AI & ML,Wagle and Sons Institute,2021,2,Nazareth Ltd,Data Analyst,IT,"SQL, Power BI, Excel",AWS Certified,5.9,5.3,60,2025-07-09,77,100,100,Interviewed,Remote,Mumbai
APP0166,Caleb Pillai,Female,31,Pune,Maharashtra,M.Tech,AI & ML,Rajan Group Institute,2018,1,Bahri Inc,Software Engineer,Engineering,"Java, Spring Boot, MySQL",AWS Certified,11.7,10.8,30,2026-05-13,89,87,96,Rejected,Onsite,Pune
APP0167,Shravya Mani,Male,27,Kolkata,West Bengal,M.Sc,Computer Science,Mody LLC Institute,2018,6,Sanghvi Ltd,Software Engineer,Engineering,"Git, CI/CD, Linux",Azure Fundamentals,14.5,11.9,90,2026-03-13,74,73,58,Selected,Hybrid,Kolkata
APP0168,Lohit Pant,Male,33,Bengaluru,Karnataka,B.Sc,Data Science,Banerjee-Golla Institute,2020,8,Madan-Soman,DevOps Engineer,IT,"Python, Django, PostgreSQL",Azure Fundamentals,8.3,5.8,60,2026-01-31,73,93,94,Shortlisted,Onsite,Bengaluru
APP0169,Megha Menon,Female,29,Noida,Uttar Pradesh,B.E.,Information Technology,Devi-Rastogi Institute,2018,8,"Pandit, Jhaveri and Ganesan",QA Engineer,IT,"Docker, Kubernetes, AWS",Azure Fundamentals,13.0,11.8,45,2026-03-16,59,71,84,Rejected,Remote,Noida
APP0170,Dev Chawla,Male,27,Bengaluru,Karnataka,M.Tech,Information Technology,Desai-Raj Institute,2018,1,Korpal-Sani,Full Stack Developer,Engineering,"Git, CI/CD, Linux",AWS Certified,10.7,9.8,30,2026-01-30,100,65,83,Selected,Hybrid,Bengaluru
APP0171,Champak Korpal,Male,29,Chennai,Tamil Nadu,M.Tech,Information Technology,Dixit Group Institute,2020,3,Thaker PLC,DevOps Engineer,Development,"Git, CI/CD, Linux",AWS Certified,7.1,6.3,30,2026-01-11,81,79,66,Selected,Remote,Chennai
APP0172,Nathan Venkataraman,Female,23,Nagpur,Maharashtra,B.Sc,Information Technology,"Balay, Lad and Mitter Institute",2024,8,Sethi-Kata,QA Engineer,Technology,"SQL, Power BI, Excel",Oracle Java,14.0,11.0,0,2025-09-10,72,84,64,Applied,Hybrid,Nagpur
APP0173,Ria Mallick,Female,32,Kolkata,West Bengal,MCA,Data Science,Kapur and Sons Institute,2021,5,"Narayanan, Choudhary and Vig",Java Developer,Development,"Java, Spring Boot, MySQL",Azure Fundamentals,13.1,10.7,15,2026-06-13,74,63,60,Applied,Onsite,Kolkata
APP0174,Chaman Sane,Male,26,Noida,Uttar Pradesh,M.Tech,AI & ML,"Lal, Varty and Doctor Institute",2025,6,Balan LLC,Python Developer,Technology,"Java, Hibernate, REST API",None,8.2,6.1,45,2025-09-22,79,82,94,Applied,Hybrid,Noida
APP0175,Ayaan Chana,Male,34,Mumbai,Maharashtra,M.Tech,Data Science,Sarkar PLC Institute,2023,6,"Sibal, Gandhi and Nair",Data Analyst,IT,"Python, Django, PostgreSQL",AWS Certified,11.4,10.4,15,2025-10-24,50,85,83,Selected,Onsite,Mumbai
APP0176,Saksham Khanna,Female,28,Pune,Maharashtra,M.Sc,Data Science,Purohit-Jani Institute,2016,0,Fresher,Java Developer,Engineering,"JavaScript, React, Node.js",Azure Fundamentals,3.0,0.0,90,2025-09-15,63,50,56,Interviewed,Onsite,Pune
APP0177,Wazir Kala,Female,35,Noida,Uttar Pradesh,B.E.,AI & ML,Padmanabhan-Rao Institute,2026,2,"Dugar, Wagle and Kapoor",DevOps Engineer,Technology,"Git, CI/CD, Linux",Azure Fundamentals,7.4,4.8,0,2025-11-25,87,94,78,Selected,Remote,Noida
APP0178,Anmol Rana,Female,21,Nagpur,Maharashtra,B.E.,Data Science,Dube-Thakur Institute,2020,1,"Agrawal, Boase and Chaudry",Software Engineer,Technology,"Git, CI/CD, Linux",Oracle Java,13.0,10.6,0,2026-04-18,97,63,100,Rejected,Remote,Nagpur
APP0179,Lohit Pandit,Male,25,Noida,Uttar Pradesh,M.Tech,Data Science,Swaminathan Ltd Institute,2024,5,Bath-Kara,Data Analyst,Development,"Java, Hibernate, REST API",AWS Certified,4.3,2.7,15,2026-03-14,68,76,97,Interviewed,Onsite,Noida
APP0180,Adweta Patla,Male,22,Mumbai,Maharashtra,B.Sc,Information Technology,Krishnamurthy-Lata Institute,2017,8,Dewan-Chanda,Data Analyst,Development,"JavaScript, React, Node.js",AWS Certified,7.8,5.9,15,2025-11-28,85,50,67,Selected,Remote,Mumbai
APP0181,Unnati Rama,Female,26,Pune,Maharashtra,M.Sc,Information Technology,Palan LLC Institute,2020,1,Chauhan-Pandya,Java Developer,IT,"MongoDB, Express.js, React",None,11.4,10.4,90,2026-06-18,60,53,70,Rejected,Onsite,Pune
APP0182,Harshil Peri,Female,24,Gurugram,Haryana,B.E.,Information Technology,Sachar Group Institute,2017,1,"Dhar, Natt and Sankaran",Python Developer,Development,"Git, CI/CD, Linux",Oracle Java,4.1,2.7,60,2026-02-13,61,85,90,Rejected,Remote,Gurugram
APP0183,Pooja Mani,Male,23,Mumbai,Maharashtra,M.Tech,Data Science,Deep-Ganguly Institute,2026,1,Sant-Sarma,Python Developer,IT,"Java, Hibernate, REST API",Azure Fundamentals,12.4,10.0,60,2025-08-17,78,64,78,Shortlisted,Onsite,Mumbai
APP0184,Nachiket Thaman,Female,22,Gurugram,Haryana,B.Sc,Computer Science,Yogi-Nagarajan Institute,2017,4,Thakkar-Mutti,Full Stack Developer,Engineering,"Git, CI/CD, Linux",None,5.0,4.5,30,2025-06-28,56,59,62,Applied,Onsite,Gurugram
APP0185,Jhalak Salvi,Female,32,Noida,Uttar Pradesh,B.E.,AI & ML,Palan Inc Institute,2026,6,Chaudry Ltd,Python Developer,Technology,"Docker, Kubernetes, AWS",Azure Fundamentals,11.6,9.0,30,2026-01-12,100,79,74,Rejected,Onsite,Noida
APP0186,Vedhika Lala,Male,31,Kolkata,West Bengal,B.Sc,Computer Science,"Gola, Bala and Kanda Institute",2021,3,Bala Ltd,Full Stack Developer,IT,"Git, CI/CD, Linux",Azure Fundamentals,12.9,10.3,15,2025-09-29,75,66,76,Shortlisted,Remote,Kolkata
APP0187,Jatin Pau,Female,22,Hyderabad,Telangana,M.Tech,AI & ML,"Sani, Loyal and Ben Institute",2016,8,Lad and Sons,Software Engineer,Development,"MongoDB, Express.js, React",Oracle Java,12.1,10.0,90,2025-07-06,58,68,92,Applied,Hybrid,Hyderabad
APP0188,Noah Manda,Male,22,Nagpur,Maharashtra,M.Tech,Computer Science,Kanda-Dugar Institute,2020,1,"Bose, Sarkar and Prakash",Full Stack Developer,Development,"Docker, Kubernetes, AWS",Azure Fundamentals,4.5,3.5,60,2026-06-12,68,50,54,Rejected,Onsite,Nagpur
APP0189,Eshana Goel,Female,24,Hyderabad,Telangana,M.Tech,AI & ML,Pai and Sons Institute,2018,4,Tripathi PLC,Python Developer,Development,"Java, Spring Boot, MySQL",AWS Certified,6.7,4.4,15,2026-03-13,79,55,50,Interviewed,Hybrid,Hyderabad
APP0190,Irya Borah,Female,25,Nagpur,Maharashtra,B.E.,AI & ML,Shanker-Banik Institute,2019,0,Fresher,Software Engineer,IT,"JavaScript, React, Node.js",Azure Fundamentals,3.0,0.0,0,2026-01-23,94,62,95,Rejected,Onsite,Nagpur
APP0191,Triya Dayal,Female,31,Kolkata,West Bengal,MCA,Information Technology,"Bal, Bali and Luthra Institute",2024,5,Bhagat-Ratta,Data Analyst,IT,"MongoDB, Express.js, React",Azure Fundamentals,6.6,5.9,90,2026-06-08,86,71,99,Applied,Remote,Kolkata
APP0192,Yashasvi Kapoor,Male,30,Mumbai,Maharashtra,M.Tech,Data Science,"Narang, Loyal and Bhavsar Institute",2020,0,Fresher,Data Analyst,Development,"Java, Hibernate, REST API",None,3.0,0.0,60,2026-04-14,81,81,66,Applied,Onsite,Mumbai
APP0193,Orinder Rajagopalan,Female,30,Delhi,Delhi,MCA,Computer Science,"Parmar, Zacharia and Chowdhury Institute",2025,8,Dua Group,Python Developer,Development,"MongoDB, Express.js, React",Oracle Java,12.5,10.4,30,2025-09-20,76,80,55,Rejected,Onsite,Delhi
APP0194,Anmol Butala,Female,34,Kolkata,West Bengal,B.E.,Computer Science,Anne LLC Institute,2019,6,"Palla, Tailor and Pant",Java Developer,Technology,"Java, Spring Boot, MySQL",AWS Certified,5.1,4.1,15,2025-12-24,74,53,78,Applied,Remote,Kolkata
APP0195,Krishna Bal,Male,30,Delhi,Delhi,B.Tech,Computer Science,"Sandal, Rajan and Arya Institute",2024,1,"Zacharia, Savant and Palla",Python Developer,Development,"JavaScript, React, Node.js",Oracle Java,9.9,8.1,0,2025-09-17,58,63,70,Rejected,Remote,Delhi
APP0196,Bhavika Pillai,Female,25,Chennai,Tamil Nadu,M.Sc,Information Technology,"Chanda, Soman and Prabhakar Institute",2016,7,"Bhattacharyya, Saini and Din",Full Stack Developer,Technology,"SQL, Power BI, Excel",None,8.9,8.3,0,2026-05-22,71,92,96,Shortlisted,Hybrid,Chennai
APP0197,Watika Singh,Female,30,Gurugram,Haryana,M.Tech,Data Science,Kalita Group Institute,2018,4,"Pant, Kari and Rana",Java Developer,Engineering,"Java, Hibernate, REST API",None,9.8,7.9,60,2025-12-09,81,50,59,Applied,Onsite,Gurugram
APP0198,Sai Kashyap,Female,21,Noida,Uttar Pradesh,B.Sc,Information Technology,Hegde Ltd Institute,2016,0,Fresher,DevOps Engineer,IT,"Python, Django, PostgreSQL",Azure Fundamentals,3.0,0.0,15,2026-01-12,82,61,84,Shortlisted,Remote,Noida
APP0199,Yahvi Shukla,Female,32,Bengaluru,Karnataka,MCA,AI & ML,Bath-Bhavsar Institute,2022,7,Talwar Ltd,Python Developer,Development,"Java, Hibernate, REST API",Oracle Java,13.2,10.8,30,2025-10-10,53,66,85,Rejected,Remote,Bengaluru
APP0200,Ayushman Bhandari,Female,26,Delhi,Delhi,MCA,Computer Science,Swaminathan-Wali Institute,2019,5,"Dutt, Dugal and Basak",Data Analyst,Engineering,"Java, Spring Boot, MySQL",Oracle Java,11.1,8.2,0,2025-10-11,94,70,81,Selected,Hybrid,Delhi
APP0201,Anya Pau,Female,34,Chennai,Tamil Nadu,B.E.,Information Technology,Iyer Group Institute,2017,0,Fresher,Python Developer,IT,"Docker, Kubernetes, AWS",AWS Certified,3.0,0.0,0,2026-05-21,76,51,87,Applied,Onsite,Chennai
APP0202,Raksha Bhalla,Female,33,Pune,Maharashtra,M.Tech,Computer Science,Minhas LLC Institute,2021,0,Fresher,Full Stack Developer,IT,"Java, Hibernate, REST API",None,3.0,0.0,60,2026-06-13,76,83,66,Applied,Remote,Pune
APP0203,Lavanya Nori,Female,35,Pune,Maharashtra,B.E.,Computer Science,"Kunda, Nayak and Garde Institute",2026,5,"Bajaj, Patla and Cheema",Backend Developer,Development,"Java, Spring Boot, MySQL",AWS Certified,9.4,7.8,60,2026-04-03,92,94,90,Interviewed,Hybrid,Pune
APP0204,Jasmit Chakraborty,Female,24,Bengaluru,Karnataka,B.Tech,Data Science,Kothari LLC Institute,2022,8,Thaker-Ranganathan,Data Analyst,IT,"Docker, Kubernetes, AWS",AWS Certified,5.9,5.4,0,2025-08-20,64,69,72,Interviewed,Remote,Bengaluru
APP0205,Nidhi Sarma,Male,31,Delhi,Delhi,MCA,Data Science,Talwar Group Institute,2017,2,"Sankaran, Sidhu and Chanda",DevOps Engineer,Technology,"SQL, Power BI, Excel",Azure Fundamentals,9.8,7.5,30,2026-02-02,99,97,52,Shortlisted,Remote,Delhi
APP0206,Shivansh Barad,Female,22,Chennai,Tamil Nadu,B.E.,Computer Science,"Narayan, Pandey and Dave Institute",2018,6,Kota LLC,Java Developer,Technology,"Docker, Kubernetes, AWS",None,13.0,11.1,90,2025-12-15,53,94,77,Rejected,Onsite,Chennai
APP0207,Irya Natt,Male,25,Hyderabad,Telangana,B.E.,Computer Science,Savant Group Institute,2025,7,Venkataraman-Chand,Data Analyst,Development,"Docker, Kubernetes, AWS",None,4.5,3.5,30,2026-02-13,63,77,80,Rejected,Onsite,Hyderabad
APP0208,Harsh Deshpande,Male,22,Pune,Maharashtra,B.Sc,AI & ML,"Majumdar, Nigam and Kapadia Institute",2021,1,Mammen-Wason,QA Engineer,Development,"JavaScript, React, Node.js",Azure Fundamentals,6.2,5.3,90,2026-03-10,68,53,78,Shortlisted,Onsite,Pune
APP0209,Nidra Ganguly,Female,35,Mumbai,Maharashtra,B.Tech,Data Science,"Wadhwa, Barad and Jha Institute",2026,1,Mannan-Wali,Python Developer,Development,"Git, CI/CD, Linux",None,5.1,3.9,15,2025-12-27,75,76,85,Applied,Onsite,Mumbai
APP0210,Anirudh Toor,Female,21,Kolkata,West Bengal,M.Tech,Computer Science,Pant-Dhaliwal Institute,2017,3,"Sarin, Bakshi and Kumer",QA Engineer,Development,"MongoDB, Express.js, React",AWS Certified,13.5,10.9,45,2025-06-29,55,65,84,Shortlisted,Onsite,Kolkata
APP0211,Maanas Guha,Female,24,Mumbai,Maharashtra,B.E.,AI & ML,Naidu-Dua Institute,2025,1,Kuruvilla-Bhargava,Java Developer,Development,"JavaScript, React, Node.js",Oracle Java,12.0,10.4,30,2026-04-12,94,96,87,Interviewed,Onsite,Mumbai
APP0212,Raghav Kant,Female,24,Hyderabad,Telangana,B.Tech,Data Science,Rattan Inc Institute,2021,1,Bhagat-Anand,Python Developer,Engineering,"MongoDB, Express.js, React",Azure Fundamentals,7.1,5.5,0,2026-02-08,86,64,96,Rejected,Hybrid,Hyderabad
APP0213,Nihal Tiwari,Male,35,Noida,Uttar Pradesh,M.Sc,Data Science,Dass Group Institute,2021,2,Banerjee Inc,DevOps Engineer,Development,"Java, Spring Boot, MySQL",AWS Certified,10.4,8.6,45,2026-01-21,65,77,65,Shortlisted,Hybrid,Noida
APP0214,Inaya Comar,Male,32,Mumbai,Maharashtra,MCA,AI & ML,Ganguly Group Institute,2025,1,Bera-Mohanty,QA Engineer,Engineering,"JavaScript, React, Node.js",AWS Certified,9.6,7.1,45,2026-03-01,74,65,83,Applied,Remote,Mumbai
APP0215,Saksham Ramachandran,Female,33,Kolkata,West Bengal,B.E.,Information Technology,"Nori, Wason and Nath Institute",2024,8,Sethi-Sheth,Software Engineer,Engineering,"JavaScript, React, Node.js",AWS Certified,14.0,11.7,15,2025-10-14,97,56,92,Interviewed,Onsite,Kolkata
APP0216,Mekhala Sha,Female,31,Noida,Uttar Pradesh,B.Sc,AI & ML,Saxena-Sethi Institute,2020,3,"Swamy, Baral and Sandhu",DevOps Engineer,Engineering,"MongoDB, Express.js, React",None,5.8,4.2,0,2026-03-01,72,76,59,Selected,Remote,Noida
APP0217,Urvashi Kara,Male,22,Mumbai,Maharashtra,M.Tech,Computer Science,Luthra Inc Institute,2024,1,Mittal-Sane,Software Engineer,IT,"Docker, Kubernetes, AWS",Azure Fundamentals,11.0,8.8,90,2025-12-11,72,55,60,Shortlisted,Onsite,Mumbai
APP0218,Samarth Dhawan,Female,24,Chennai,Tamil Nadu,B.Tech,AI & ML,Shanker PLC Institute,2017,7,"Chaudhuri, Jain and Warrior",QA Engineer,Development,"Java, Hibernate, REST API",Azure Fundamentals,11.3,9.5,45,2025-08-07,77,99,67,Applied,Remote,Chennai
APP0219,Yahvi Keer,Female,27,Hyderabad,Telangana,B.Sc,AI & ML,Bhatti-Garg Institute,2017,7,Seth-Narain,QA Engineer,Engineering,"MongoDB, Express.js, React",None,13.3,11.8,30,2025-12-13,81,95,54,Interviewed,Onsite,Hyderabad
APP0220,Waida Dara,Female,21,Mumbai,Maharashtra,M.Tech,Information Technology,"Peri, Mangat and Nayak Institute",2021,3,Sura-Bhasin,Full Stack Developer,Development,"Python, Django, PostgreSQL",None,11.7,11.1,0,2025-11-02,82,80,96,Shortlisted,Hybrid,Mumbai
APP0221,Veda Taneja,Male,30,Nagpur,Maharashtra,M.Tech,Data Science,Gola-Naidu Institute,2024,2,"Viswanathan, Shroff and Bhavsar",QA Engineer,IT,"Git, CI/CD, Linux",None,9.6,7.3,0,2026-04-29,53,91,73,Applied,Hybrid,Nagpur
APP0222,Balhaar Dass,Female,30,Gurugram,Haryana,B.Tech,AI & ML,Kumer PLC Institute,2024,2,"Behl, Oza and Pant",Backend Developer,Technology,"JavaScript, React, Node.js",Oracle Java,12.3,9.7,0,2026-02-02,99,100,94,Selected,Hybrid,Gurugram
APP0223,Eiravati Sabharwal,Female,33,Pune,Maharashtra,M.Sc,Computer Science,"Nayak, Deep and Suresh Institute",2023,6,"Bora, Dhingra and Bahri",Software Engineer,Technology,"JavaScript, React, Node.js",None,6.4,5.6,45,2025-07-17,62,99,76,Shortlisted,Hybrid,Pune
APP0224,Harita Nagy,Male,24,Mumbai,Maharashtra,B.Sc,AI & ML,"Edwin, Sood and Kant Institute",2025,6,Pant-Bains,Full Stack Developer,Development,"SQL, Power BI, Excel",Oracle Java,8.6,5.7,90,2026-01-29,75,81,83,Selected,Onsite,Mumbai
APP0225,Gavin Chandran,Male,23,Hyderabad,Telangana,M.Tech,Data Science,Luthra-Dey Institute,2026,6,"Kashyap, Mandal and Bajwa",Java Developer,IT,"JavaScript, React, Node.js",None,7.3,5.4,0,2025-12-09,71,73,60,Interviewed,Remote,Hyderabad
APP0226,Jairaj Narasimhan,Male,31,Gurugram,Haryana,MCA,Computer Science,"Bora, Malhotra and Nanda Institute",2021,1,"Goyal, Vyas and Sidhu",QA Engineer,Technology,"Docker, Kubernetes, AWS",None,8.7,8.0,45,2026-02-03,73,74,87,Rejected,Onsite,Gurugram
APP0227,Shravya Kaur,Female,32,Hyderabad,Telangana,B.Tech,Computer Science,Cheema PLC Institute,2019,4,"Char, Halder and Sachar",Software Engineer,Engineering,"Docker, Kubernetes, AWS",None,6.2,3.7,30,2025-10-26,51,80,94,Applied,Remote,Hyderabad
APP0228,Gaurangi Acharya,Female,23,Pune,Maharashtra,B.Tech,Information Technology,"Walia, Badal and Sama Institute",2025,2,"Deshmukh, Sen and Zachariah",Full Stack Developer,Development,"SQL, Power BI, Excel",Azure Fundamentals,14.2,11.7,30,2026-06-11,55,64,58,Interviewed,Hybrid,Pune
APP0229,Udarsh Loyal,Male,26,Delhi,Delhi,MCA,Computer Science,Wali and Sons Institute,2023,5,"Jayaraman, Dora and Dugal",DevOps Engineer,Development,"Python, Django, PostgreSQL",Oracle Java,9.5,8.1,0,2025-10-24,60,62,82,Rejected,Hybrid,Delhi
APP0230,Jatin Karan,Female,22,Kolkata,West Bengal,B.Sc,Information Technology,Prasad-Bawa Institute,2020,2,Munshi and Sons,QA Engineer,IT,"JavaScript, React, Node.js",Azure Fundamentals,8.4,7.9,30,2026-04-21,62,51,61,Applied,Onsite,Kolkata
APP0231,Tara Keer,Female,35,Chennai,Tamil Nadu,MCA,AI & ML,"Keer, Kata and Bhatt Institute",2016,0,Fresher,DevOps Engineer,Engineering,"Git, CI/CD, Linux",AWS Certified,3.0,0.0,90,2025-10-08,93,56,74,Selected,Remote,Chennai
APP0232,Shivani Dyal,Male,22,Gurugram,Haryana,B.E.,Data Science,Hora-Kaur Institute,2016,0,Fresher,QA Engineer,IT,"Java, Spring Boot, MySQL",None,3.0,0.0,15,2025-10-07,75,71,74,Rejected,Remote,Gurugram
APP0233,Hemang Chana,Female,34,Kolkata,West Bengal,M.Tech,Information Technology,"Prabhu, Sodhi and Natarajan Institute",2026,1,Nayar-Baral,QA Engineer,IT,"Git, CI/CD, Linux",None,6.4,5.9,60,2025-08-09,50,50,67,Rejected,Remote,Kolkata
APP0234,Pranav Koshy,Female,33,Gurugram,Haryana,B.E.,Computer Science,Gandhi Inc Institute,2019,3,"Subramaniam, Pillay and Sachdev",Full Stack Developer,IT,"SQL, Power BI, Excel",AWS Certified,11.0,9.3,60,2025-12-31,98,57,99,Rejected,Remote,Gurugram
APP0235,Ekansh Nayar,Male,34,Hyderabad,Telangana,M.Tech,AI & ML,Nagarajan-Jaggi Institute,2020,3,Dhillon PLC,QA Engineer,Technology,"Python, Django, PostgreSQL",Azure Fundamentals,5.4,4.0,60,2025-12-18,61,77,82,Applied,Onsite,Hyderabad
APP0236,Aachal Puri,Male,21,Nagpur,Maharashtra,B.Sc,AI & ML,Ravel-Dhaliwal Institute,2020,6,"Bava, Parmar and Seth",Data Analyst,Engineering,"Java, Spring Boot, MySQL",Oracle Java,3.5,2.8,90,2025-07-24,55,67,62,Rejected,Remote,Nagpur
APP0237,Yatin Rau,Female,34,Mumbai,Maharashtra,B.E.,Information Technology,Nayar-Kant Institute,2022,0,Fresher,Java Developer,Engineering,"MongoDB, Express.js, React",Oracle Java,3.0,0.0,30,2026-03-04,76,67,56,Selected,Onsite,Mumbai
APP0238,Zashil Rajan,Female,28,Gurugram,Haryana,MCA,Information Technology,"Sarin, Master and Hari Institute",2025,6,Varkey PLC,Data Analyst,Development,"Git, CI/CD, Linux",Oracle Java,5.9,4.9,45,2026-06-15,73,53,77,Selected,Remote,Gurugram
APP0239,Dakshesh Gour,Male,26,Kolkata,West Bengal,B.E.,Data Science,Deshpande-Loke Institute,2023,4,Dara-Jain,Software Engineer,Engineering,"Python, Django, PostgreSQL",Oracle Java,12.0,9.1,45,2026-01-28,62,67,79,Rejected,Hybrid,Kolkata
APP0240,Fariq Dubey,Male,31,Bengaluru,Karnataka,M.Sc,Information Technology,Krishna Ltd Institute,2022,1,Deep LLC,Software Engineer,Development,"MongoDB, Express.js, React",AWS Certified,7.6,6.8,60,2026-05-20,96,61,74,Shortlisted,Remote,Bengaluru
APP0241,Praneel Kapur,Female,28,Delhi,Delhi,B.E.,Computer Science,Mahal and Sons Institute,2017,7,Panchal-Bala,Java Developer,Engineering,"Docker, Kubernetes, AWS",Oracle Java,8.7,6.5,60,2025-11-13,96,53,52,Applied,Hybrid,Delhi
APP0242,Ubika Gokhale,Male,22,Delhi,Delhi,B.Sc,Data Science,"Suresh, Suri and Raj Institute",2016,0,Fresher,Full Stack Developer,Technology,"Java, Spring Boot, MySQL",Oracle Java,3.0,0.0,60,2025-12-04,92,65,57,Applied,Hybrid,Delhi
APP0243,Oni Gaba,Female,27,Noida,Uttar Pradesh,B.E.,AI & ML,"Date, Subramanian and Ramesh Institute",2017,4,"Dyal, Sachdeva and Joshi",DevOps Engineer,Technology,"Docker, Kubernetes, AWS",Azure Fundamentals,4.6,3.3,60,2025-09-27,71,87,55,Rejected,Onsite,Noida
APP0244,Yamini Murty,Male,22,Gurugram,Haryana,B.Sc,Data Science,"Bhatti, Saran and Saraf Institute",2020,5,Sama and Sons,Backend Developer,Development,"Docker, Kubernetes, AWS",Oracle Java,12.5,9.7,90,2025-10-06,60,59,76,Selected,Onsite,Gurugram
APP0245,Kevin Sethi,Female,25,Bengaluru,Karnataka,B.Tech,Computer Science,Chauhan-Wagle Institute,2019,7,"Bhasin, Misra and Gupta",Data Analyst,Engineering,"Python, Django, PostgreSQL",Oracle Java,5.2,2.8,90,2025-11-13,67,88,56,Rejected,Remote,Bengaluru
APP0246,Vanya Koshy,Male,33,Hyderabad,Telangana,M.Tech,AI & ML,"Kumer, Dixit and Zacharia Institute",2021,5,Yogi-Patel,DevOps Engineer,IT,"Java, Hibernate, REST API",AWS Certified,6.6,4.5,30,2025-11-14,63,54,94,Applied,Onsite,Hyderabad
APP0247,Sudiksha Swaminathan,Female,24,Nagpur,Maharashtra,B.Tech,Computer Science,Datta Inc Institute,2019,1,Raman-Nori,DevOps Engineer,Technology,"Java, Spring Boot, MySQL",None,13.3,12.0,60,2025-06-21,85,53,97,Shortlisted,Onsite,Nagpur
APP0248,Anthony Mall,Male,29,Pune,Maharashtra,M.Tech,AI & ML,Sur Inc Institute,2020,5,"Dyal, Mital and Banik",Java Developer,Development,"Java, Spring Boot, MySQL",Azure Fundamentals,10.0,7.9,60,2025-07-07,91,81,96,Applied,Onsite,Pune
APP0249,Omaja Nigam,Male,35,Hyderabad,Telangana,MCA,Information Technology,Loke-Hans Institute,2020,3,Dyal-Kata,Software Engineer,Technology,"Java, Spring Boot, MySQL",AWS Certified,13.8,10.9,90,2025-07-07,65,90,74,Shortlisted,Remote,Hyderabad
APP0250,Jagvi Devi,Male,22,Kolkata,West Bengal,B.E.,Data Science,"Butala, Doshi and Mahal Institute",2026,5,Samra-Tella,Python Developer,Technology,"Java, Spring Boot, MySQL",AWS Certified,10.7,9.7,60,2026-04-21,67,100,58,Interviewed,Remote,Kolkata
APP0251,Ekantika Cheema,Male,35,Nagpur,Maharashtra,M.Tech,Data Science,Ram Inc Institute,2020,1,Bhargava Ltd,Data Analyst,Technology,"Java, Hibernate, REST API",None,4.2,2.5,15,2026-05-18,95,50,64,Interviewed,Hybrid,Nagpur
APP0252,Upadhriti Sharaf,Male,30,Pune,Maharashtra,M.Tech,AI & ML,Dora-Badal Institute,2022,5,Ghose-Morar,Data Analyst,Engineering,"MongoDB, Express.js, React",None,4.8,3.5,90,2025-07-25,76,76,52,Applied,Hybrid,Pune
APP0253,Hitesh Natarajan,Female,22,Noida,Uttar Pradesh,MCA,AI & ML,Khosla-Yohannan Institute,2021,3,Devi-Vaidya,Data Analyst,Engineering,"Git, CI/CD, Linux",None,13.1,11.2,30,2025-08-24,77,67,97,Interviewed,Onsite,Noida
APP0254,Lila Nanda,Female,21,Kolkata,West Bengal,M.Tech,Data Science,Gopal PLC Institute,2023,3,"Mahajan, Goyal and Kapoor",Software Engineer,Engineering,"SQL, Power BI, Excel",AWS Certified,7.1,5.8,90,2025-12-24,97,75,85,Selected,Remote,Kolkata
APP0255,Isaiah Mannan,Male,27,Bengaluru,Karnataka,M.Sc,Computer Science,"Thakur, Hans and Narain Institute",2024,5,Kumar LLC,Python Developer,Development,"Docker, Kubernetes, AWS",Oracle Java,13.2,11.8,90,2026-03-13,58,95,74,Rejected,Onsite,Bengaluru
APP0256,Bhavika Krish,Female,27,Nagpur,Maharashtra,MCA,Data Science,Merchant-Srinivasan Institute,2024,3,Nath and Sons,Software Engineer,Engineering,"Python, Django, PostgreSQL",Azure Fundamentals,10.2,9.6,60,2026-05-17,90,54,67,Selected,Remote,Nagpur
APP0257,Dalaja Kala,Female,35,Gurugram,Haryana,B.Sc,Data Science,Dyal LLC Institute,2019,4,Cherian-Apte,QA Engineer,Technology,"MongoDB, Express.js, React",AWS Certified,6.5,5.6,0,2026-03-23,90,95,66,Applied,Hybrid,Gurugram
APP0258,Tripti Pillai,Male,26,Pune,Maharashtra,M.Sc,Data Science,Dyal-Bhat Institute,2016,1,Shere and Sons,Java Developer,Technology,"Java, Hibernate, REST API",Oracle Java,5.9,3.4,90,2025-08-18,96,68,67,Rejected,Hybrid,Pune
APP0259,Aarnav Kunda,Female,32,Mumbai,Maharashtra,B.E.,Information Technology,Parsa Inc Institute,2019,2,Kurian Ltd,Java Developer,Development,"Java, Hibernate, REST API",None,9.0,6.8,90,2025-08-24,71,93,80,Rejected,Hybrid,Mumbai
APP0260,Tristan Patla,Male,22,Hyderabad,Telangana,M.Tech,Information Technology,"Sibal, Desai and Johal Institute",2019,6,"Patla, Krish and Kara",DevOps Engineer,Engineering,"Git, CI/CD, Linux",Azure Fundamentals,5.1,4.1,30,2025-10-15,61,92,97,Interviewed,Hybrid,Hyderabad
APP0261,Dayamai Thakkar,Female,23,Pune,Maharashtra,B.Sc,AI & ML,Tiwari Inc Institute,2017,5,Kata Ltd,Backend Developer,IT,"Java, Hibernate, REST API",AWS Certified,10.0,7.5,30,2025-08-22,55,59,85,Selected,Remote,Pune
APP0262,Ekantika Kade,Male,27,Gurugram,Haryana,M.Sc,Computer Science,"Bandi, Andra and Soman Institute",2023,7,"Chacko, Mani and Panchal",Data Analyst,Engineering,"Python, Django, PostgreSQL",Azure Fundamentals,8.7,7.7,45,2026-05-08,95,95,66,Shortlisted,Onsite,Gurugram
APP0263,Henry Dixit,Female,21,Chennai,Tamil Nadu,MCA,Data Science,Agate-Mukherjee Institute,2026,5,Batta LLC,DevOps Engineer,Technology,"Docker, Kubernetes, AWS",Azure Fundamentals,11.0,10.4,30,2026-06-01,94,90,60,Applied,Remote,Chennai
APP0264,Benjamin Venkatesh,Female,26,Mumbai,Maharashtra,B.Sc,Data Science,"Bakshi, Bassi and Seth Institute",2026,1,Nath-Sabharwal,Java Developer,Development,"MongoDB, Express.js, React",None,13.0,10.8,60,2026-01-09,65,57,50,Rejected,Hybrid,Mumbai
APP0265,Aadhya Prabhakar,Male,35,Noida,Uttar Pradesh,MCA,AI & ML,Nadkarni Group Institute,2024,7,"Peri, Varughese and Madan",Data Analyst,Engineering,"Docker, Kubernetes, AWS",None,9.1,8.3,45,2026-02-05,74,65,72,Applied,Onsite,Noida
APP0266,Krisha Hegde,Male,25,Delhi,Delhi,M.Tech,Computer Science,Goyal Inc Institute,2020,4,"Srinivasan, Bahri and Deo",Java Developer,IT,"Git, CI/CD, Linux",None,9.4,7.5,90,2025-10-25,99,91,84,Shortlisted,Onsite,Delhi
APP0267,Divya Madan,Female,29,Hyderabad,Telangana,B.E.,Computer Science,Dhaliwal Inc Institute,2024,5,Mishra Group,Data Analyst,Technology,"Python, Django, PostgreSQL",Oracle Java,11.8,11.1,30,2025-10-20,67,96,53,Selected,Onsite,Hyderabad
APP0268,Chameli Rai,Female,31,Kolkata,West Bengal,B.E.,Information Technology,Magar PLC Institute,2026,4,"Ghosh, Nair and Goda",Python Developer,Technology,"Docker, Kubernetes, AWS",Azure Fundamentals,8.5,6.3,15,2026-04-28,85,51,93,Interviewed,Remote,Kolkata
APP0269,Abha Bassi,Female,33,Nagpur,Maharashtra,B.E.,Data Science,Madan-Khatri Institute,2020,0,Fresher,Backend Developer,Technology,"Git, CI/CD, Linux",None,3.0,0.0,90,2026-02-18,91,71,53,Applied,Hybrid,Nagpur
APP0270,Vasudha Badal,Male,29,Noida,Uttar Pradesh,MCA,AI & ML,Jha-Iyengar Institute,2016,5,Baria-Sant,Java Developer,Engineering,"JavaScript, React, Node.js",AWS Certified,10.4,7.6,45,2025-11-16,81,93,66,Interviewed,Onsite,Noida
APP0271,Ekansh Barman,Female,25,Chennai,Tamil Nadu,B.Tech,Information Technology,Kakar-Apte Institute,2022,0,Fresher,Full Stack Developer,Technology,"Java, Spring Boot, MySQL",Oracle Java,3.0,0.0,90,2026-03-24,100,63,92,Rejected,Onsite,Chennai
APP0272,Azaan Gaba,Male,25,Nagpur,Maharashtra,B.Tech,Information Technology,"Ray, Sarma and Nanda Institute",2026,8,Roy-Bahri,Backend Developer,IT,"Python, Django, PostgreSQL",None,12.4,9.9,0,2025-11-22,99,71,75,Shortlisted,Hybrid,Nagpur
APP0273,Anjali Mitra,Male,24,Mumbai,Maharashtra,MCA,Information Technology,"Kunda, Ganesh and Raghavan Institute",2017,5,"Nadkarni, Palan and Shah",Software Engineer,Development,"SQL, Power BI, Excel",None,11.3,9.3,0,2026-03-29,65,64,64,Shortlisted,Onsite,Mumbai
APP0274,Siya Maharaj,Female,32,Mumbai,Maharashtra,MCA,AI & ML,Kota Group Institute,2024,8,Warrior Group,QA Engineer,Engineering,"Docker, Kubernetes, AWS",Azure Fundamentals,9.2,7.7,60,2025-07-26,79,55,92,Selected,Hybrid,Mumbai
APP0275,Tanmayi Balay,Female,25,Hyderabad,Telangana,B.Tech,Data Science,"Varty, Dave and Zacharia Institute",2021,7,Om-Sanghvi,Full Stack Developer,Technology,"Python, Django, PostgreSQL",AWS Certified,8.4,7.0,60,2026-04-08,73,79,91,Rejected,Hybrid,Hyderabad
APP0276,Garima Jain,Female,34,Mumbai,Maharashtra,B.Tech,Computer Science,Padmanabhan Inc Institute,2024,4,Behl-Dube,Backend Developer,IT,"Java, Hibernate, REST API",AWS Certified,9.6,6.6,90,2025-08-30,80,98,100,Applied,Remote,Mumbai
APP0277,Ishanvi Ahluwalia,Male,21,Gurugram,Haryana,MCA,Information Technology,Kashyap-Gaba Institute,2024,8,"Viswanathan, Brahmbhatt and Grover",Backend Developer,Engineering,"Java, Hibernate, REST API",None,11.4,10.4,60,2025-07-25,56,100,51,Interviewed,Onsite,Gurugram
APP0278,Xiti Deol,Male,21,Chennai,Tamil Nadu,M.Sc,Data Science,Solanki LLC Institute,2020,2,"Ganesh, Rajagopalan and Dixit",Software Engineer,Development,"Git, CI/CD, Linux",Oracle Java,8.1,6.8,0,2026-04-22,93,89,74,Selected,Hybrid,Chennai
APP0279,Qushi Sood,Female,21,Mumbai,Maharashtra,B.E.,Information Technology,Bhardwaj-Sachar Institute,2022,4,"Manda, Toor and Hayer",Python Developer,IT,"Java, Spring Boot, MySQL",AWS Certified,13.6,11.5,30,2025-12-12,99,71,70,Shortlisted,Remote,Mumbai
APP0280,Raagini Sura,Male,22,Nagpur,Maharashtra,B.E.,Computer Science,"Tiwari, Kala and De Institute",2026,3,"Kalla, Din and Balan",Data Analyst,Engineering,"Docker, Kubernetes, AWS",Azure Fundamentals,12.7,10.1,15,2026-05-03,91,68,92,Applied,Hybrid,Nagpur
APP0281,Chandresh Dalal,Female,35,Mumbai,Maharashtra,B.E.,Data Science,"Srinivas, Rajan and Mall Institute",2016,2,Tata-Kunda,Backend Developer,Engineering,"Java, Hibernate, REST API",Oracle Java,8.7,5.9,45,2026-06-17,90,75,61,Shortlisted,Remote,Mumbai
APP0282,Ijaya Kari,Female,29,Nagpur,Maharashtra,M.Sc,Computer Science,Borah-Magar Institute,2026,4,Singh-Sidhu,Python Developer,Development,"Python, Django, PostgreSQL",Oracle Java,8.3,6.2,60,2026-05-08,59,55,93,Shortlisted,Remote,Nagpur
APP0283,Hemang Zachariah,Male,22,Delhi,Delhi,M.Sc,Information Technology,Pradhan-Kapadia Institute,2017,4,"Aurora, Rama and Mann",Python Developer,Technology,"MongoDB, Express.js, React",Azure Fundamentals,9.3,7.3,0,2025-07-28,80,76,87,Selected,Onsite,Delhi
APP0284,Aradhana Kale,Female,21,Nagpur,Maharashtra,B.E.,Information Technology,Sehgal-Wason Institute,2020,5,Ganesh LLC,Java Developer,IT,"SQL, Power BI, Excel",None,14.0,11.7,0,2026-04-01,88,79,70,Selected,Remote,Nagpur
APP0285,Andrew Pillay,Female,34,Nagpur,Maharashtra,M.Tech,AI & ML,Bail LLC Institute,2018,4,Varughese Group,DevOps Engineer,Engineering,"Docker, Kubernetes, AWS",None,9.8,8.9,30,2025-10-07,93,90,59,Selected,Hybrid,Nagpur
APP0286,Falan Mallick,Male,35,Delhi,Delhi,M.Sc,Information Technology,Kari-Mistry Institute,2025,7,"Tailor, Devi and Choudhary",Software Engineer,Development,"Java, Spring Boot, MySQL",None,11.1,9.2,0,2026-03-16,86,56,60,Rejected,Hybrid,Delhi
APP0287,Ranveer Rattan,Female,32,Nagpur,Maharashtra,B.Sc,Information Technology,"Krishna, Sen and Sodhi Institute",2024,3,Dhar-Chanda,QA Engineer,Engineering,"SQL, Power BI, Excel",Oracle Java,5.3,3.5,45,2025-10-14,67,87,74,Applied,Remote,Nagpur
APP0288,Samesh Bawa,Female,24,Pune,Maharashtra,M.Tech,Data Science,Amble and Sons Institute,2026,5,Dhingra Inc,Data Analyst,Engineering,"Git, CI/CD, Linux",None,11.3,8.8,15,2025-06-27,97,54,68,Rejected,Remote,Pune
APP0289,Jason Gandhi,Female,34,Bengaluru,Karnataka,B.Tech,AI & ML,Sundaram-Yadav Institute,2019,0,Fresher,Backend Developer,Technology,"Docker, Kubernetes, AWS",None,3.0,0.0,15,2026-05-06,72,55,66,Interviewed,Onsite,Bengaluru
APP0290,Nidhi Salvi,Male,27,Kolkata,West Bengal,B.E.,Information Technology,Sura-Gaba Institute,2017,8,Lall-Vig,Full Stack Developer,Development,"JavaScript, React, Node.js",AWS Certified,9.9,8.4,30,2026-05-14,84,81,96,Selected,Remote,Kolkata
APP0291,Anay Raj,Male,33,Kolkata,West Bengal,B.Sc,AI & ML,Varma-Chaudhry Institute,2019,3,Dasgupta Group,QA Engineer,Technology,"Docker, Kubernetes, AWS",None,7.3,5.5,90,2025-06-18,78,83,81,Applied,Onsite,Kolkata
APP0292,Praneel Vyas,Male,22,Bengaluru,Karnataka,B.Tech,AI & ML,Sandal LLC Institute,2019,2,"Nadkarni, Sagar and Bhatti",Java Developer,Engineering,"Docker, Kubernetes, AWS",Azure Fundamentals,10.9,9.4,60,2026-04-15,55,81,50,Selected,Onsite,Bengaluru
APP0293,Divya Ram,Male,22,Chennai,Tamil Nadu,B.Sc,AI & ML,Choudhary-Pradhan Institute,2024,0,Fresher,Java Developer,IT,"JavaScript, React, Node.js",AWS Certified,3.0,0.0,90,2026-02-01,65,77,70,Rejected,Onsite,Chennai
APP0294,Hemani Swamy,Male,29,Hyderabad,Telangana,B.Tech,Information Technology,"Chaudhary, Chaudhary and Bobal Institute",2024,2,Saraf-Ghose,DevOps Engineer,Technology,"Java, Spring Boot, MySQL",AWS Certified,12.8,11.5,0,2026-02-21,79,66,66,Rejected,Hybrid,Hyderabad
APP0295,Daksh Srinivasan,Male,24,Pune,Maharashtra,B.E.,AI & ML,"Dhaliwal, Sagar and Dugar Institute",2017,1,Rege-Dayal,Software Engineer,IT,"Python, Django, PostgreSQL",AWS Certified,12.0,9.7,90,2026-05-27,78,66,91,Rejected,Onsite,Pune
APP0296,Samar Gera,Male,33,Bengaluru,Karnataka,MCA,Information Technology,Soman LLC Institute,2019,0,Fresher,Python Developer,Development,"JavaScript, React, Node.js",Oracle Java,3.0,0.0,30,2026-02-18,89,97,51,Interviewed,Hybrid,Bengaluru
APP0297,Krisha Mall,Female,24,Noida,Uttar Pradesh,B.E.,Data Science,Talwar-Vyas Institute,2016,8,Kaur LLC,Java Developer,Development,"JavaScript, React, Node.js",None,10.0,7.7,90,2026-03-21,58,84,77,Selected,Remote,Noida
APP0298,Utkarsh Rout,Female,22,Kolkata,West Bengal,B.E.,AI & ML,"Bhat, Zachariah and Datta Institute",2021,1,"Kota, Som and Bala",Full Stack Developer,IT,"Java, Hibernate, REST API",AWS Certified,13.2,10.4,45,2025-10-27,88,83,95,Interviewed,Remote,Kolkata
APP0299,Ronith Rana,Female,25,Noida,Uttar Pradesh,M.Sc,Data Science,"Mani, Chowdhury and Tata Institute",2016,5,Jayaraman LLC,QA Engineer,Development,"JavaScript, React, Node.js",Oracle Java,5.6,3.3,90,2025-09-16,71,59,80,Rejected,Remote,Noida
APP0300,Amrita Ramachandran,Male,26,Mumbai,Maharashtra,B.Tech,Data Science,Setty Inc Institute,2023,1,"Gola, Bhasin and Rama",Full Stack Developer,Development,"Docker, Kubernetes, AWS",Azure Fundamentals,11.4,9.9,60,2025-09-18,72,57,56,Interviewed,Hybrid,Mumbai
APP0301,Azaan Mittal,Male,35,Bengaluru,Karnataka,B.Tech,AI & ML,"Venkatesh, Sandal and Sant Institute",2023,4,Mahal-Mand,Full Stack Developer,Development,"Python, Django, PostgreSQL",Oracle Java,5.2,3.3,0,2025-11-30,91,51,69,Interviewed,Hybrid,Bengaluru
APP0302,Kai Sani,Male,25,Kolkata,West Bengal,M.Sc,AI & ML,"Grewal, Raju and Wable Institute",2025,7,Dada-Nagar,Software Engineer,Engineering,"JavaScript, React, Node.js",None,12.6,11.5,0,2026-05-10,60,84,65,Rejected,Remote,Kolkata
APP0303,Panini Uppal,Female,35,Noida,Uttar Pradesh,M.Tech,AI & ML,Gulati Inc Institute,2022,0,Fresher,Python Developer,IT,"Git, CI/CD, Linux",Oracle Java,3.0,0.0,45,2026-05-04,61,82,59,Applied,Remote,Noida
APP0304,Aishani Krishnamurthy,Male,25,Kolkata,West Bengal,M.Tech,Data Science,"Chad, Setty and Shankar Institute",2017,3,"Walia, Bose and Deshpande",Backend Developer,Development,"Docker, Kubernetes, AWS",AWS Certified,7.9,6.6,45,2026-05-04,78,85,80,Rejected,Hybrid,Kolkata
APP0305,Anvi Dalal,Male,23,Pune,Maharashtra,MCA,Data Science,Kamdar-Sabharwal Institute,2019,5,Dass-Chander,Software Engineer,Engineering,"Python, Django, PostgreSQL",AWS Certified,12.4,11.1,15,2025-08-12,53,57,83,Rejected,Hybrid,Pune
APP0306,Hema Trivedi,Male,33,Pune,Maharashtra,B.Sc,AI & ML,Sethi Inc Institute,2025,5,Randhawa-Soman,Python Developer,IT,"Python, Django, PostgreSQL",None,7.3,4.4,15,2025-06-19,97,63,81,Rejected,Remote,Pune
APP0307,Tamanna Naidu,Female,24,Pune,Maharashtra,M.Tech,Information Technology,"Goda, Saha and Magar Institute",2022,3,"Suresh, Ganesan and Cheema",Software Engineer,Development,"Docker, Kubernetes, AWS",AWS Certified,8.3,6.1,0,2026-01-25,99,66,83,Applied,Hybrid,Pune
APP0308,Lucky Tata,Female,22,Nagpur,Maharashtra,B.E.,AI & ML,Krishnamurthy and Sons Institute,2019,3,Prabhakar PLC,QA Engineer,Engineering,"Java, Hibernate, REST API",Oracle Java,12.6,11.1,60,2025-11-19,59,92,95,Shortlisted,Remote,Nagpur
APP0309,Yochana Borah,Female,26,Gurugram,Haryana,M.Sc,Data Science,"Dube, Bajaj and Pillai Institute",2016,5,Maharaj-Bobal,Python Developer,Technology,"Java, Spring Boot, MySQL",AWS Certified,11.5,8.6,45,2025-10-28,55,74,80,Rejected,Onsite,Gurugram
APP0310,Luke Sachdeva,Female,21,Mumbai,Maharashtra,B.E.,AI & ML,Rastogi-Iyer Institute,2019,6,Maharaj-Ranganathan,Software Engineer,IT,"Git, CI/CD, Linux",Azure Fundamentals,4.8,2.8,15,2025-09-29,88,82,67,Interviewed,Hybrid,Mumbai
APP0311,Wriddhish Mutti,Female,32,Chennai,Tamil Nadu,B.E.,Computer Science,Ratti-Thaker Institute,2017,5,Handa and Sons,Software Engineer,Engineering,"JavaScript, React, Node.js",Azure Fundamentals,11.3,10.2,90,2025-10-03,87,86,78,Rejected,Hybrid,Chennai
APP0312,Tara Nadkarni,Male,23,Noida,Uttar Pradesh,B.E.,Computer Science,Date-Hayre Institute,2017,7,"Subramaniam, Kulkarni and Sengupta",Python Developer,Technology,"JavaScript, React, Node.js",Oracle Java,10.8,10.1,90,2025-07-26,98,100,50,Selected,Onsite,Noida
APP0313,Jacob Konda,Female,30,Delhi,Delhi,B.E.,Data Science,Bhandari Inc Institute,2024,5,Mitra-Sekhon,Java Developer,IT,"Java, Spring Boot, MySQL",AWS Certified,11.4,9.0,15,2025-07-22,67,56,73,Rejected,Onsite,Delhi
APP0314,Inaya Aggarwal,Female,35,Kolkata,West Bengal,B.Sc,Data Science,"Sharaf, Zacharia and Lal Institute",2017,0,Fresher,Software Engineer,Engineering,"SQL, Power BI, Excel",AWS Certified,3.0,0.0,15,2026-02-20,76,60,62,Applied,Onsite,Kolkata
APP0315,Neha Datta,Male,22,Bengaluru,Karnataka,M.Sc,Information Technology,"Dua, Shetty and Johal Institute",2016,0,Fresher,DevOps Engineer,IT,"Git, CI/CD, Linux",None,3.0,0.0,0,2026-04-11,58,73,88,Rejected,Onsite,Bengaluru
APP0316,Chanchal Kara,Female,31,Hyderabad,Telangana,M.Sc,Data Science,"Gulati, Roy and Ramanathan Institute",2016,3,Mani-Anand,QA Engineer,Technology,"Git, CI/CD, Linux",Oracle Java,12.5,11.5,60,2026-03-02,88,59,75,Interviewed,Remote,Hyderabad
APP0317,Ishita Raj,Male,26,Kolkata,West Bengal,B.Sc,Information Technology,Gaba-Mane Institute,2016,6,Master-Mohanty,QA Engineer,Development,"Docker, Kubernetes, AWS",AWS Certified,12.6,11.3,45,2026-04-15,97,82,63,Applied,Onsite,Kolkata
APP0318,Divya Mohan,Male,33,Hyderabad,Telangana,M.Tech,Information Technology,"Desai, Agate and Zachariah Institute",2023,1,"Pathak, Chaudry and Mallick",DevOps Engineer,Development,"MongoDB, Express.js, React",Oracle Java,5.6,3.5,30,2025-08-18,88,83,71,Interviewed,Remote,Hyderabad
APP0319,Dominic Buch,Female,26,Gurugram,Haryana,MCA,Computer Science,Samra-Krish Institute,2024,0,Fresher,Java Developer,Engineering,"MongoDB, Express.js, React",Azure Fundamentals,3.0,0.0,90,2025-12-16,78,85,53,Shortlisted,Hybrid,Gurugram
APP0320,Urvashi Natarajan,Male,24,Chennai,Tamil Nadu,B.Tech,Information Technology,"Chander, Mallick and Bajwa Institute",2020,6,Gole-Mahal,Java Developer,IT,"MongoDB, Express.js, React",AWS Certified,13.1,11.6,60,2025-08-28,67,54,65,Selected,Hybrid,Chennai
APP0321,Eiravati Saini,Male,24,Gurugram,Haryana,B.E.,Data Science,Kannan-Palan Institute,2020,8,Bala-Bajwa,Java Developer,Development,"JavaScript, React, Node.js",None,14.5,11.5,90,2026-04-06,50,67,64,Applied,Onsite,Gurugram
APP0322,Balveer Nigam,Male,31,Gurugram,Haryana,M.Sc,Data Science,"Arora, Sem and Oza Institute",2020,3,Mallick-Mander,Python Developer,Engineering,"MongoDB, Express.js, React",AWS Certified,5.6,2.9,15,2025-09-05,95,94,60,Interviewed,Onsite,Gurugram
APP0323,Gaurav Munshi,Female,24,Gurugram,Haryana,B.E.,AI & ML,Ramanathan Group Institute,2022,7,Borra-Konda,Python Developer,Technology,"Java, Spring Boot, MySQL",Oracle Java,10.8,9.0,0,2026-03-21,50,73,95,Shortlisted,Onsite,Gurugram
APP0324,Baljiwan Jhaveri,Male,33,Gurugram,Haryana,B.Tech,Computer Science,Venkataraman-Sem Institute,2023,1,Doctor-Sagar,Software Engineer,Engineering,"Git, CI/CD, Linux",AWS Certified,13.3,10.4,45,2026-01-06,87,84,93,Interviewed,Hybrid,Gurugram
APP0325,Yuvraj Sagar,Male,30,Nagpur,Maharashtra,MCA,AI & ML,Kata-Mand Institute,2020,6,"Palla, Balakrishnan and Sachdev",QA Engineer,Development,"Docker, Kubernetes, AWS",None,4.1,3.5,0,2025-08-12,88,63,54,Interviewed,Hybrid,Nagpur
APP0326,Onveer Dhillon,Female,32,Hyderabad,Telangana,B.Sc,Information Technology,Batra Group Institute,2024,3,Mandal-Vig,Python Developer,IT,"MongoDB, Express.js, React",AWS Certified,11.4,10.7,0,2026-06-13,64,57,90,Interviewed,Remote,Hyderabad
APP0327,Bahadurjit Kibe,Male,34,Pune,Maharashtra,B.Sc,Computer Science,Minhas PLC Institute,2026,5,Gulati PLC,QA Engineer,Development,"Java, Spring Boot, MySQL",Oracle Java,6.0,4.2,30,2025-09-13,99,98,80,Selected,Hybrid,Pune
APP0328,Isaac Gokhale,Male,23,Chennai,Tamil Nadu,B.E.,AI & ML,Pillay-Karnik Institute,2021,2,Baria-Mitra,Full Stack Developer,IT,"MongoDB, Express.js, React",Oracle Java,9.6,7.3,45,2026-04-02,89,54,53,Rejected,Remote,Chennai
APP0329,Anay Pradhan,Male,31,Nagpur,Maharashtra,B.Sc,Data Science,Mital Ltd Institute,2017,2,Naik-Ben,Software Engineer,Technology,"Java, Hibernate, REST API",Azure Fundamentals,12.2,11.2,60,2026-01-26,75,96,58,Rejected,Remote,Nagpur
APP0330,Abhiram Kari,Male,21,Mumbai,Maharashtra,B.E.,AI & ML,Kashyap-Krishnan Institute,2019,1,Sidhu Group,Backend Developer,Engineering,"Python, Django, PostgreSQL",None,6.5,5.0,45,2025-10-21,97,81,66,Rejected,Remote,Mumbai
APP0331,Matthew Swamy,Male,35,Gurugram,Haryana,B.Tech,Data Science,Sampath-Morar Institute,2018,4,Sachdeva Inc,Data Analyst,IT,"Java, Spring Boot, MySQL",None,5.3,2.5,90,2025-08-18,77,72,64,Rejected,Hybrid,Gurugram
APP0332,Vasana Dass,Male,23,Delhi,Delhi,B.E.,Data Science,Samra-Mitra Institute,2018,8,Dhawan Inc,QA Engineer,Development,"Java, Hibernate, REST API",AWS Certified,4.4,3.9,60,2025-09-19,90,67,80,Applied,Onsite,Delhi
APP0333,Abeer Bhakta,Male,32,Noida,Uttar Pradesh,MCA,Information Technology,Ratti Group Institute,2018,2,Yadav PLC,Backend Developer,Development,"Python, Django, PostgreSQL",None,8.9,7.2,45,2026-04-15,73,97,95,Rejected,Hybrid,Noida
APP0334,Varsha Modi,Male,27,Bengaluru,Karnataka,M.Tech,Information Technology,"Seth, Chanda and Goyal Institute",2019,6,Reddy-Gade,DevOps Engineer,Technology,"Docker, Kubernetes, AWS",Azure Fundamentals,13.2,10.4,30,2026-02-03,88,69,76,Shortlisted,Onsite,Bengaluru
APP0335,Qarin Ramachandran,Male,25,Bengaluru,Karnataka,B.E.,Computer Science,Jhaveri Inc Institute,2022,7,Nagi-D’Alia,Backend Developer,Engineering,"JavaScript, React, Node.js",None,9.6,8.1,45,2025-12-27,63,59,66,Applied,Onsite,Bengaluru
APP0336,Advika Chakraborty,Male,29,Hyderabad,Telangana,M.Tech,Information Technology,Tata-Ghosh Institute,2020,6,Nagarajan Ltd,Software Engineer,Technology,"JavaScript, React, Node.js",None,5.3,3.7,30,2026-05-17,86,59,59,Shortlisted,Hybrid,Hyderabad
APP0337,Bakhshi Raval,Male,27,Bengaluru,Karnataka,MCA,Computer Science,Narula Inc Institute,2023,8,"Pandya, Patil and Hora",Java Developer,Technology,"Java, Hibernate, REST API",Azure Fundamentals,10.1,9.5,30,2025-10-16,96,78,90,Shortlisted,Remote,Bengaluru
APP0338,Anvi Dara,Male,21,Chennai,Tamil Nadu,M.Sc,Computer Science,Koshy-Lal Institute,2025,0,Fresher,Full Stack Developer,IT,"Git, CI/CD, Linux",None,3.0,0.0,60,2025-08-29,96,97,93,Rejected,Hybrid,Chennai
APP0339,Odika Rege,Male,30,Hyderabad,Telangana,M.Sc,Information Technology,Cherian-Swaminathan Institute,2020,3,"Chopra, Rao and Chakrabarti",Full Stack Developer,Technology,"Python, Django, PostgreSQL",None,4.4,2.9,45,2025-11-20,63,64,56,Selected,Hybrid,Hyderabad
APP0340,Oliver Comar,Male,26,Hyderabad,Telangana,M.Tech,Information Technology,Gandhi LLC Institute,2016,1,"Dayal, Lanka and Chaudhary",Backend Developer,Engineering,"Git, CI/CD, Linux",AWS Certified,7.1,5.7,0,2025-10-26,67,94,80,Shortlisted,Hybrid,Hyderabad
APP0341,Rajeshri Narasimhan,Male,25,Noida,Uttar Pradesh,B.Sc,Data Science,Madan-Om Institute,2020,3,Palla Group,QA Engineer,Engineering,"Python, Django, PostgreSQL",None,12.5,11.9,15,2026-03-21,78,80,59,Rejected,Onsite,Noida
APP0342,Krishna Randhawa,Male,34,Noida,Uttar Pradesh,M.Tech,AI & ML,Bhatt-Khurana Institute,2018,5,Bail-Gara,Data Analyst,Development,"SQL, Power BI, Excel",AWS Certified,7.3,6.5,30,2026-06-17,93,76,65,Interviewed,Hybrid,Noida
APP0343,Leena Purohit,Male,25,Kolkata,West Bengal,B.Tech,Data Science,"Dutta, Raja and Sane Institute",2020,4,Majumdar-Ahluwalia,Java Developer,IT,"Java, Hibernate, REST API",AWS Certified,7.8,5.3,60,2025-09-23,94,67,66,Applied,Onsite,Kolkata
APP0344,Karan Parekh,Female,23,Kolkata,West Bengal,B.E.,Data Science,Sahni Inc Institute,2022,7,Bail-Naik,Backend Developer,Development,"Docker, Kubernetes, AWS",None,9.3,6.4,90,2026-04-13,57,63,54,Rejected,Remote,Kolkata
APP0345,Chanakya Sethi,Male,28,Nagpur,Maharashtra,B.Sc,AI & ML,Sarma-Chowdhury Institute,2020,2,Dhaliwal-Mahajan,DevOps Engineer,Development,"Docker, Kubernetes, AWS",Azure Fundamentals,5.3,4.5,45,2025-07-22,89,88,73,Selected,Onsite,Nagpur
APP0346,Pallavi Keer,Female,31,Noida,Uttar Pradesh,B.Sc,Computer Science,"Chahal, Srinivasan and Bedi Institute",2025,0,Fresher,Software Engineer,Engineering,"SQL, Power BI, Excel",AWS Certified,3.0,0.0,60,2026-03-26,71,97,51,Shortlisted,Hybrid,Noida
APP0347,Naksh Mammen,Male,30,Gurugram,Haryana,B.Sc,AI & ML,Bal and Sons Institute,2025,7,Brahmbhatt-Chanda,DevOps Engineer,Technology,"Python, Django, PostgreSQL",AWS Certified,11.9,10.8,15,2025-11-16,59,66,82,Rejected,Onsite,Gurugram
APP0348,Aahana Yogi,Male,30,Bengaluru,Karnataka,M.Sc,Computer Science,Cherian and Sons Institute,2019,7,Chad Inc,Software Engineer,Development,"Git, CI/CD, Linux",Azure Fundamentals,6.8,3.8,45,2025-11-04,68,63,80,Rejected,Hybrid,Bengaluru
APP0349,Bahadurjit Sha,Male,28,Nagpur,Maharashtra,B.Tech,Computer Science,Nadkarni-Sundaram Institute,2026,0,Fresher,Data Analyst,IT,"Git, CI/CD, Linux",Azure Fundamentals,3.0,0.0,15,2026-04-21,92,56,84,Applied,Onsite,Nagpur
APP0350,Xavier Kothari,Female,29,Nagpur,Maharashtra,B.E.,Data Science,Reddy-Savant Institute,2021,0,Fresher,DevOps Engineer,Engineering,"MongoDB, Express.js, React",Azure Fundamentals,3.0,0.0,45,2025-12-20,94,84,54,Interviewed,Hybrid,Nagpur
APP0351,Wyatt Johal,Male,28,Gurugram,Haryana,B.E.,AI & ML,Bakshi-Merchant Institute,2024,6,Dhar PLC,Software Engineer,IT,"Python, Django, PostgreSQL",None,10.2,7.8,60,2025-11-09,57,57,71,Shortlisted,Remote,Gurugram
APP0352,Deepa Krishnamurthy,Female,22,Mumbai,Maharashtra,M.Tech,AI & ML,Virk and Sons Institute,2023,4,Dara Inc,DevOps Engineer,Development,"SQL, Power BI, Excel",AWS Certified,7.8,7.0,90,2026-04-30,78,90,51,Applied,Onsite,Mumbai
APP0353,Triya Ratta,Male,26,Chennai,Tamil Nadu,M.Tech,AI & ML,"Chopra, Naidu and Ramakrishnan Institute",2017,7,Bala Ltd,Backend Developer,Development,"Python, Django, PostgreSQL",AWS Certified,7.7,7.1,45,2025-07-12,99,82,84,Applied,Hybrid,Chennai
APP0354,Harinakshi Mody,Male,25,Hyderabad,Telangana,MCA,Information Technology,"Balay, Thaman and Deol Institute",2024,8,Kadakia-Bains,DevOps Engineer,Technology,"Java, Hibernate, REST API",None,7.2,4.3,45,2025-07-24,60,63,81,Rejected,Hybrid,Hyderabad
APP0355,Dev Ravi,Female,23,Pune,Maharashtra,B.Sc,Computer Science,Magar Inc Institute,2020,7,"Parmer, Goswami and Ramachandran",Backend Developer,IT,"SQL, Power BI, Excel",Azure Fundamentals,12.4,10.9,45,2026-01-11,51,99,79,Shortlisted,Hybrid,Pune
APP0356,Jasmit Dubey,Male,26,Hyderabad,Telangana,B.Sc,Computer Science,Cheema-Parsa Institute,2024,6,"Raghavan, Mukherjee and Kapoor",Full Stack Developer,IT,"Git, CI/CD, Linux",None,6.7,5.5,30,2026-05-07,56,79,54,Rejected,Onsite,Hyderabad
APP0357,Qarin Pathak,Male,26,Chennai,Tamil Nadu,B.E.,AI & ML,Devi PLC Institute,2026,7,"Contractor, Ramakrishnan and Deo",Full Stack Developer,Development,"Java, Hibernate, REST API",AWS Certified,7.8,5.8,0,2026-04-12,58,78,82,Interviewed,Remote,Chennai
APP0358,Advik Sodhi,Male,32,Kolkata,West Bengal,B.Tech,Information Technology,Nagi PLC Institute,2019,7,Basu and Sons,Java Developer,Technology,"Git, CI/CD, Linux",AWS Certified,4.6,3.4,30,2026-03-26,93,64,57,Rejected,Onsite,Kolkata
APP0359,Libni Patil,Female,29,Delhi,Delhi,MCA,Information Technology,Ravi-Boase Institute,2025,6,Mannan LLC,Java Developer,Technology,"Git, CI/CD, Linux",Azure Fundamentals,12.5,10.4,0,2026-06-17,57,70,71,Interviewed,Remote,Delhi
APP0360,Eesha Kadakia,Male,21,Noida,Uttar Pradesh,MCA,Data Science,Cherian LLC Institute,2023,0,Fresher,Software Engineer,Technology,"JavaScript, React, Node.js",AWS Certified,3.0,0.0,60,2026-05-16,61,88,64,Selected,Hybrid,Noida
APP0361,Qushi Sachdev,Female,24,Chennai,Tamil Nadu,B.Sc,Computer Science,"Dube, Issac and Baral Institute",2016,2,Mohanty-Khatri,Full Stack Developer,IT,"Python, Django, PostgreSQL",Azure Fundamentals,12.8,10.2,0,2026-06-15,68,59,56,Interviewed,Onsite,Chennai
APP0362,Pahal Mukherjee,Female,35,Nagpur,Maharashtra,B.Tech,Computer Science,Kala-Kaur Institute,2022,1,"Goyal, Agate and Chaudry",Python Developer,Technology,"SQL, Power BI, Excel",Azure Fundamentals,10.2,8.9,90,2026-01-07,70,64,79,Applied,Hybrid,Nagpur
APP0363,Oni Korpal,Male,28,Chennai,Tamil Nadu,B.E.,AI & ML,Tara-Mahal Institute,2024,5,"Keer, Banik and Lata",Data Analyst,IT,"SQL, Power BI, Excel",None,12.1,9.5,45,2025-07-19,59,54,51,Shortlisted,Onsite,Chennai
APP0364,Nikita Brahmbhatt,Male,21,Delhi,Delhi,M.Tech,Data Science,More Inc Institute,2020,0,Fresher,Backend Developer,Engineering,"Python, Django, PostgreSQL",AWS Certified,3.0,0.0,30,2025-10-28,100,78,63,Selected,Remote,Delhi
APP0365,Ekbal Khare,Female,21,Chennai,Tamil Nadu,M.Tech,AI & ML,Kadakia LLC Institute,2017,5,Madan-Prasad,Data Analyst,Engineering,"JavaScript, React, Node.js",None,13.9,11.3,30,2025-12-15,55,98,91,Rejected,Hybrid,Chennai
APP0366,Lajita Bassi,Male,30,Hyderabad,Telangana,B.E.,Data Science,Loyal-Cheema Institute,2022,1,Bumb and Sons,Data Analyst,Engineering,"Java, Spring Boot, MySQL",None,10.8,9.8,0,2026-04-03,94,82,90,Interviewed,Hybrid,Hyderabad
APP0367,Charvi Subramanian,Male,29,Pune,Maharashtra,M.Sc,Computer Science,Sama-Goel Institute,2024,5,"Agate, Sengupta and Kunda",DevOps Engineer,Technology,"JavaScript, React, Node.js",Azure Fundamentals,7.2,6.4,30,2025-06-25,86,67,67,Rejected,Onsite,Pune
APP0368,Teerth Mane,Male,31,Mumbai,Maharashtra,MCA,Data Science,"Goel, Balan and Bhavsar Institute",2022,5,Sachdeva Ltd,Full Stack Developer,IT,"Git, CI/CD, Linux",None,7.7,7.1,45,2025-07-13,61,50,83,Rejected,Onsite,Mumbai
APP0369,Mohammed Pathak,Female,32,Bengaluru,Karnataka,B.Sc,Computer Science,Goel PLC Institute,2016,5,Chauhan Group,QA Engineer,Technology,"Java, Hibernate, REST API",None,13.7,11.8,15,2025-09-19,90,73,79,Shortlisted,Remote,Bengaluru
APP0370,Tripti Sunder,Female,25,Kolkata,West Bengal,B.Tech,Information Technology,"Kale, Khanna and Prashad Institute",2022,7,"Ray, Arora and Sami",Backend Developer,Development,"MongoDB, Express.js, React",Azure Fundamentals,11.1,8.8,30,2025-12-02,64,72,96,Rejected,Hybrid,Kolkata
APP0371,Ikbal Rao,Male,26,Noida,Uttar Pradesh,M.Sc,Computer Science,Bora Group Institute,2025,1,"Kamdar, Sharaf and Uppal",Python Developer,Engineering,"Java, Spring Boot, MySQL",Oracle Java,8.1,7.0,30,2025-10-06,54,51,87,Selected,Remote,Noida
APP0372,Kabir Dua,Male,27,Pune,Maharashtra,B.Tech,Information Technology,Krishnan Ltd Institute,2016,4,Aggarwal Inc,Backend Developer,Technology,"MongoDB, Express.js, React",Oracle Java,11.1,8.6,0,2026-01-09,64,60,79,Interviewed,Remote,Pune
APP0373,Chanchal Dewan,Male,23,Bengaluru,Karnataka,MCA,Data Science,Maharaj Group Institute,2019,2,"Sarraf, Ratta and Patla",Backend Developer,Engineering,"Git, CI/CD, Linux",None,11.2,10.0,60,2026-03-20,64,97,77,Selected,Remote,Bengaluru
APP0374,Joshua Lall,Female,30,Pune,Maharashtra,B.Sc,Information Technology,Taneja-Dasgupta Institute,2025,6,Solanki PLC,Software Engineer,Engineering,"Java, Spring Boot, MySQL",AWS Certified,6.3,5.1,60,2026-02-19,99,82,97,Applied,Onsite,Pune
APP0375,Lopa Gupta,Male,26,Nagpur,Maharashtra,B.Sc,Information Technology,Das-Behl Institute,2020,6,Sur Group,Java Developer,Engineering,"MongoDB, Express.js, React",AWS Certified,10.8,8.2,45,2025-12-08,56,87,76,Shortlisted,Remote,Nagpur
APP0376,Michael Solanki,Female,25,Bengaluru,Karnataka,B.E.,Information Technology,Loke-Khosla Institute,2021,2,Sami-Pau,Backend Developer,Development,"Java, Hibernate, REST API",Azure Fundamentals,7.0,5.4,45,2026-06-12,55,88,58,Shortlisted,Hybrid,Bengaluru
APP0377,Sudiksha Pau,Female,28,Delhi,Delhi,B.Sc,AI & ML,"Mitter, Dada and Subramaniam Institute",2025,8,Bains Group,QA Engineer,IT,"Java, Hibernate, REST API",None,9.7,8.9,45,2025-12-28,91,69,58,Interviewed,Hybrid,Delhi
APP0378,Michael Trivedi,Female,22,Kolkata,West Bengal,B.E.,Information Technology,Barad Inc Institute,2026,3,"Khurana, Nagi and Varty",Java Developer,IT,"Python, Django, PostgreSQL",AWS Certified,4.6,3.5,0,2025-10-31,59,92,87,Applied,Hybrid,Kolkata
APP0379,Ishani Shanker,Female,22,Pune,Maharashtra,B.Sc,Data Science,"Chacko, Ravi and Bains Institute",2026,8,Shetty PLC,QA Engineer,Technology,"SQL, Power BI, Excel",Azure Fundamentals,10.7,9.1,90,2025-10-22,82,97,95,Shortlisted,Onsite,Pune
APP0380,Jairaj Kunda,Female,25,Pune,Maharashtra,B.Tech,AI & ML,"Sundaram, Krish and Nagi Institute",2019,2,"De, Mistry and Master",Java Developer,IT,"Java, Hibernate, REST API",Azure Fundamentals,10.2,8.8,90,2026-04-23,57,65,73,Applied,Onsite,Pune
APP0381,Gaurang Chanda,Male,21,Hyderabad,Telangana,M.Sc,Information Technology,Kulkarni-Banik Institute,2019,3,"Madan, Mody and Kant",Java Developer,Technology,"SQL, Power BI, Excel",AWS Certified,8.6,7.2,0,2025-08-09,62,66,91,Selected,Remote,Hyderabad
APP0382,Bahadurjit Nigam,Female,28,Noida,Uttar Pradesh,B.Tech,Information Technology,Jain Inc Institute,2025,3,Lata LLC,DevOps Engineer,Engineering,"JavaScript, React, Node.js",AWS Certified,4.2,2.5,60,2025-11-28,63,68,56,Shortlisted,Onsite,Noida
APP0383,Gautami Jani,Male,31,Nagpur,Maharashtra,B.Tech,Computer Science,Pall-Sarna Institute,2026,2,"Datta, Majumdar and Oza",QA Engineer,Technology,"Git, CI/CD, Linux",AWS Certified,11.1,8.4,60,2026-05-07,63,57,55,Rejected,Remote,Nagpur
APP0384,Udarsh Dada,Female,22,Bengaluru,Karnataka,M.Sc,Data Science,Sagar PLC Institute,2018,6,Babu and Sons,Software Engineer,IT,"JavaScript, React, Node.js",None,13.2,10.8,90,2025-10-24,52,74,52,Shortlisted,Onsite,Bengaluru
APP0385,Kalpit Pau,Male,28,Hyderabad,Telangana,B.Sc,AI & ML,Kalla LLC Institute,2025,1,Rattan Inc,Software Engineer,Engineering,"Python, Django, PostgreSQL",None,5.5,2.8,45,2025-12-21,61,52,77,Shortlisted,Onsite,Hyderabad
APP0386,Rachit Sood,Male,22,Bengaluru,Karnataka,B.E.,Computer Science,Sinha Ltd Institute,2022,8,"Karpe, Keer and Krishnamurthy",Data Analyst,Engineering,"MongoDB, Express.js, React",Oracle Java,9.9,9.2,90,2025-11-06,84,82,62,Selected,Hybrid,Bengaluru
APP0387,Zarna Narayanan,Female,21,Hyderabad,Telangana,B.Tech,AI & ML,Dhawan and Sons Institute,2023,2,"Kakar, Ahuja and Sathe",Data Analyst,IT,"SQL, Power BI, Excel",AWS Certified,9.4,7.8,45,2025-07-01,55,75,58,Interviewed,Hybrid,Hyderabad
APP0388,Dakshesh Kibe,Male,24,Nagpur,Maharashtra,M.Sc,Computer Science,"Srinivasan, Srinivas and Chatterjee Institute",2018,0,Fresher,Backend Developer,IT,"Python, Django, PostgreSQL",AWS Certified,3.0,0.0,15,2026-04-20,60,73,70,Selected,Onsite,Nagpur
APP0389,Hamsini Sekhon,Male,27,Nagpur,Maharashtra,MCA,AI & ML,Narain Ltd Institute,2021,6,Rajagopal-Sahni,Data Analyst,Technology,"Git, CI/CD, Linux",Azure Fundamentals,5.7,4.1,15,2025-09-17,51,55,64,Selected,Remote,Nagpur
APP0390,Dayamai Hora,Female,32,Pune,Maharashtra,MCA,Computer Science,"Kata, Sangha and Khare Institute",2022,2,Anne Inc,Python Developer,Technology,"JavaScript, React, Node.js",None,11.9,9.1,60,2026-05-24,59,58,91,Interviewed,Onsite,Pune
APP0391,Daksh Ravi,Male,34,Gurugram,Haryana,B.E.,Computer Science,"Misra, Sawhney and Murthy Institute",2016,0,Fresher,Backend Developer,Engineering,"Java, Spring Boot, MySQL",None,3.0,0.0,30,2026-02-08,55,61,71,Rejected,Hybrid,Gurugram
APP0392,Avi Mandal,Female,29,Nagpur,Maharashtra,M.Tech,Data Science,Kadakia-Nadkarni Institute,2017,5,Om Group,Java Developer,Engineering,"Docker, Kubernetes, AWS",Azure Fundamentals,12.1,9.5,45,2025-06-20,50,71,50,Selected,Hybrid,Nagpur
APP0393,Gauri Bava,Female,26,Mumbai,Maharashtra,M.Tech,Computer Science,"Sundaram, Swamy and Divan Institute",2023,4,Mangal and Sons,DevOps Engineer,Technology,"Git, CI/CD, Linux",AWS Certified,9.9,7.6,60,2025-08-03,58,77,63,Applied,Remote,Mumbai
APP0394,Dayita Seth,Female,28,Mumbai,Maharashtra,MCA,AI & ML,"Parmer, Gade and Morar Institute",2024,1,Issac-Chokshi,QA Engineer,IT,"Git, CI/CD, Linux",Oracle Java,6.2,4.4,45,2026-01-08,82,70,50,Rejected,Hybrid,Mumbai
APP0395,Dev Bhatia,Female,25,Noida,Uttar Pradesh,B.E.,AI & ML,Nori PLC Institute,2017,0,Fresher,Python Developer,Engineering,"Docker, Kubernetes, AWS",None,3.0,0.0,0,2025-11-29,82,87,50,Interviewed,Remote,Noida
APP0396,Anthony Pandit,Male,29,Mumbai,Maharashtra,MCA,Computer Science,"Deol, Sha and Parekh Institute",2024,8,"Dani, Banerjee and Varma",Java Developer,IT,"Java, Hibernate, REST API",Oracle Java,14.3,11.6,45,2025-08-29,73,91,79,Applied,Remote,Mumbai
APP0397,Nilima Natt,Male,21,Bengaluru,Karnataka,M.Sc,Computer Science,Bal-Kaur Institute,2019,3,De-Sastry,DevOps Engineer,Engineering,"Docker, Kubernetes, AWS",Azure Fundamentals,8.0,7.0,60,2026-02-08,96,61,71,Rejected,Hybrid,Bengaluru
APP0398,Ekiya Kala,Male,29,Noida,Uttar Pradesh,M.Sc,AI & ML,Thaman Inc Institute,2025,5,Nagar LLC,Java Developer,IT,"MongoDB, Express.js, React",Azure Fundamentals,4.3,3.1,0,2026-04-05,99,57,72,Selected,Onsite,Noida
APP0399,Vinaya Dayal,Female,31,Gurugram,Haryana,B.Tech,Data Science,"Chad, Sankaran and Sahota Institute",2026,5,Biswas-Raghavan,Backend Developer,Development,"JavaScript, React, Node.js",None,13.0,10.9,0,2025-07-31,50,80,92,Applied,Onsite,Gurugram
APP0400,Urvashi Swaminathan,Male,35,Mumbai,Maharashtra,B.E.,Data Science,Upadhyay-Misra Institute,2020,2,Khosla PLC,Software Engineer,Engineering,"Java, Hibernate, REST API",AWS Certified,8.3,7.1,45,2025-11-16,97,92,69,Applied,Remote,Mumbai
APP0401,Chakradev Barad,Female,24,Kolkata,West Bengal,MCA,Data Science,Dhawan-Devi Institute,2023,0,Fresher,QA Engineer,Development,"Java, Spring Boot, MySQL",Oracle Java,3.0,0.0,15,2026-01-01,64,99,58,Rejected,Hybrid,Kolkata
APP0402,Kevin Chakraborty,Female,28,Bengaluru,Karnataka,B.Tech,Data Science,Chawla-Badal Institute,2021,5,Anne Inc,Python Developer,Engineering,"Docker, Kubernetes, AWS",Azure Fundamentals,5.9,3.6,0,2026-05-29,51,83,66,Interviewed,Hybrid,Bengaluru
APP0403,Logan Khurana,Female,22,Delhi,Delhi,B.Tech,AI & ML,"Palla, Sood and Bhagat Institute",2016,3,Mann PLC,Java Developer,Technology,"Git, CI/CD, Linux",None,8.2,6.8,45,2025-12-03,90,99,82,Shortlisted,Hybrid,Delhi
APP0404,Sudiksha Mohan,Male,22,Noida,Uttar Pradesh,MCA,AI & ML,Morar and Sons Institute,2016,0,Fresher,Python Developer,Engineering,"Docker, Kubernetes, AWS",Oracle Java,3.0,0.0,15,2025-09-24,91,63,89,Rejected,Onsite,Noida
APP0405,Vamakshi Garg,Male,21,Nagpur,Maharashtra,M.Sc,AI & ML,Dayal-Dani Institute,2020,6,Jani-Taneja,Backend Developer,Engineering,"JavaScript, React, Node.js",Azure Fundamentals,12.3,11.5,15,2026-01-19,90,92,75,Rejected,Onsite,Nagpur
APP0406,Brijesh Dey,Female,25,Nagpur,Maharashtra,B.Tech,AI & ML,"Pai, Mitra and Sami Institute",2025,6,Kashyap PLC,QA Engineer,Technology,"SQL, Power BI, Excel",Oracle Java,12.6,9.7,60,2026-05-31,70,90,62,Rejected,Remote,Nagpur
APP0407,Yauvani Ratta,Male,21,Nagpur,Maharashtra,M.Tech,Information Technology,"Acharya, Chana and Bandi Institute",2018,4,"Gill, Nath and Sinha",Software Engineer,Development,"MongoDB, Express.js, React",None,10.4,9.6,15,2026-02-28,78,88,74,Applied,Onsite,Nagpur
APP0408,Qasim Thaman,Male,35,Chennai,Tamil Nadu,B.Sc,Computer Science,Dhillon-Dyal Institute,2021,4,"Dube, Chandran and Varghese",Data Analyst,Engineering,"Python, Django, PostgreSQL",None,5.5,4.8,90,2026-06-09,87,76,79,Rejected,Onsite,Chennai
APP0409,Zansi Agate,Male,28,Nagpur,Maharashtra,M.Sc,AI & ML,"Pandey, Kala and Parmer Institute",2021,4,"Venkataraman, Nayar and Atwal",Python Developer,Development,"Java, Spring Boot, MySQL",Azure Fundamentals,12.6,10.7,45,2026-01-24,93,79,95,Shortlisted,Remote,Nagpur
APP0410,Karan Bora,Male,33,Nagpur,Maharashtra,MCA,Data Science,"Subramanian, Bassi and Kohli Institute",2016,3,Sood Ltd,Data Analyst,IT,"Java, Spring Boot, MySQL",None,6.6,5.9,90,2026-05-19,78,86,77,Rejected,Remote,Nagpur
APP0411,Nikita Jhaveri,Female,21,Pune,Maharashtra,B.Sc,AI & ML,More and Sons Institute,2016,4,Pingle-Jhaveri,DevOps Engineer,Development,"MongoDB, Express.js, React",Oracle Java,7.1,5.1,15,2025-10-26,86,61,80,Interviewed,Remote,Pune
APP0412,Widisha Radhakrishnan,Female,27,Noida,Uttar Pradesh,B.Sc,AI & ML,"Master, Manda and Singh Institute",2019,7,Keer-Chanda,Data Analyst,Technology,"JavaScript, React, Node.js",None,5.4,4.8,90,2025-06-28,71,73,64,Selected,Hybrid,Noida
APP0413,Zarna Nanda,Female,32,Mumbai,Maharashtra,M.Sc,Information Technology,"Sani, Lanka and D’Alia Institute",2020,3,Lall PLC,Java Developer,IT,"JavaScript, React, Node.js",Oracle Java,7.0,5.9,15,2025-12-16,63,68,50,Interviewed,Remote,Mumbai
APP0414,Joshua Raghavan,Male,29,Delhi,Delhi,MCA,Information Technology,Balan-Bhatti Institute,2026,5,Randhawa-Krishnamurthy,Software Engineer,Development,"MongoDB, Express.js, React",AWS Certified,12.1,9.1,15,2026-01-26,72,87,86,Applied,Onsite,Delhi
APP0415,Leena Varkey,Female,34,Bengaluru,Karnataka,B.Tech,Information Technology,"Merchant, Lad and Lall Institute",2018,0,Fresher,QA Engineer,Technology,"Git, CI/CD, Linux",AWS Certified,3.0,0.0,15,2026-01-09,74,64,52,Selected,Remote,Bengaluru
APP0416,Gaurika Sagar,Male,26,Gurugram,Haryana,B.E.,Information Technology,"Kannan, Bala and Dixit Institute",2020,8,Gaba-Batra,Backend Developer,Development,"SQL, Power BI, Excel",Oracle Java,6.0,4.4,45,2026-03-09,87,62,99,Applied,Remote,Gurugram
APP0417,Omya Choudhary,Male,29,Bengaluru,Karnataka,B.Sc,Information Technology,Dutt and Sons Institute,2021,1,"Mannan, Golla and Radhakrishnan",Software Engineer,IT,"SQL, Power BI, Excel",None,12.1,10.1,60,2026-05-03,98,64,88,Shortlisted,Remote,Bengaluru
APP0418,Jyoti Sarin,Male,30,Noida,Uttar Pradesh,M.Tech,Information Technology,"Sahota, Mishra and Dalal Institute",2021,5,"Zachariah, Sandhu and Basu",Data Analyst,IT,"Python, Django, PostgreSQL",Oracle Java,3.8,3.1,15,2025-10-06,62,61,100,Applied,Hybrid,Noida
APP0419,Veer Nazareth,Female,25,Kolkata,West Bengal,M.Tech,Computer Science,Dubey-Raval Institute,2020,5,"Gulati, Chandran and Prabhu",Software Engineer,IT,"Git, CI/CD, Linux",Oracle Java,11.7,10.9,45,2025-10-19,76,88,89,Applied,Remote,Kolkata
APP0420,Janaki Uppal,Male,32,Pune,Maharashtra,MCA,Information Technology,Ghose-Boase Institute,2026,7,"Grover, Kala and Shroff",Java Developer,Technology,"Git, CI/CD, Linux",None,11.0,8.1,30,2025-06-24,61,89,81,Applied,Hybrid,Pune
APP0421,Bhanumati Thakkar,Male,30,Gurugram,Haryana,M.Sc,Computer Science,Uppal-Khurana Institute,2022,8,"Kant, Chanda and Bandi",Java Developer,Development,"SQL, Power BI, Excel",AWS Certified,9.7,7.1,30,2026-05-07,91,83,58,Shortlisted,Hybrid,Gurugram
APP0422,Falguni Deep,Male,33,Hyderabad,Telangana,M.Sc,Data Science,Suresh-Mohanty Institute,2020,8,Dhawan-Thakkar,Software Engineer,Technology,"Python, Django, PostgreSQL",None,7.1,6.5,0,2025-08-20,82,53,74,Applied,Remote,Hyderabad
APP0423,Turvi Sandal,Female,33,Chennai,Tamil Nadu,B.Sc,Data Science,Kala Ltd Institute,2019,1,Rajan-Nadkarni,Full Stack Developer,Development,"Java, Spring Boot, MySQL",Oracle Java,7.7,6.1,90,2025-08-01,88,59,86,Rejected,Onsite,Chennai
APP0424,Dhruv Bahri,Male,23,Gurugram,Haryana,B.Tech,Information Technology,"Ben, Goyal and Narula Institute",2026,6,Mishra Inc,Data Analyst,Technology,"MongoDB, Express.js, React",Azure Fundamentals,6.1,5.0,0,2025-08-27,66,78,80,Shortlisted,Remote,Gurugram
APP0425,Jack Bhat,Female,31,Pune,Maharashtra,MCA,Information Technology,Halder and Sons Institute,2023,4,Oommen-Pradhan,DevOps Engineer,Engineering,"Java, Hibernate, REST API",Azure Fundamentals,10.2,9.6,90,2025-11-02,80,70,84,Applied,Onsite,Pune
APP0426,Jeevika Nagarajan,Male,21,Noida,Uttar Pradesh,B.Tech,Data Science,Menon Ltd Institute,2022,8,Prabhu PLC,QA Engineer,IT,"Docker, Kubernetes, AWS",Oracle Java,4.8,4.0,30,2025-11-08,83,93,85,Rejected,Hybrid,Noida
APP0427,Veda Palla,Female,32,Nagpur,Maharashtra,B.Sc,Data Science,Mital-Mammen Institute,2021,8,"Chowdhury, Pai and Sur",Data Analyst,Development,"Docker, Kubernetes, AWS",AWS Certified,7.1,4.1,45,2026-02-18,82,86,62,Selected,Remote,Nagpur
APP0428,Aarna Kalla,Male,29,Nagpur,Maharashtra,M.Tech,AI & ML,Edwin-Joshi Institute,2025,1,"Mann, Kakar and Shere",Full Stack Developer,Development,"Java, Spring Boot, MySQL",None,9.7,7.8,60,2025-10-17,65,64,55,Rejected,Remote,Nagpur
APP0429,Nitesh Nair,Male,30,Mumbai,Maharashtra,B.E.,AI & ML,Chandra-Tak Institute,2018,7,"Borde, Nagarajan and Gupta",Software Engineer,Development,"Java, Spring Boot, MySQL",Azure Fundamentals,5.2,2.6,90,2026-01-21,98,51,83,Rejected,Hybrid,Mumbai
APP0430,Chakradev Varkey,Male,21,Gurugram,Haryana,M.Sc,AI & ML,Nayak PLC Institute,2025,7,Pant-Krishnan,Python Developer,Engineering,"Docker, Kubernetes, AWS",Oracle Java,6.8,3.9,45,2026-03-18,89,91,98,Shortlisted,Hybrid,Gurugram
APP0431,Jyoti Tailor,Male,24,Bengaluru,Karnataka,B.E.,Computer Science,"Behl, Suri and Acharya Institute",2019,7,Krishna LLC,Java Developer,IT,"Java, Hibernate, REST API",None,9.1,8.4,90,2026-04-28,53,58,98,Applied,Hybrid,Bengaluru
APP0432,Udant Patla,Female,32,Mumbai,Maharashtra,MCA,Computer Science,Bhavsar Inc Institute,2018,8,"Deshmukh, Barad and Mannan",Software Engineer,IT,"Python, Django, PostgreSQL",Oracle Java,8.0,6.3,90,2026-02-10,52,93,95,Selected,Hybrid,Mumbai
APP0433,Balhaar Shan,Male,23,Delhi,Delhi,MCA,Computer Science,"Dhawan, Jaggi and Pandey Institute",2023,6,Murthy-Khurana,Software Engineer,Technology,"MongoDB, Express.js, React",Azure Fundamentals,12.8,10.1,90,2025-09-18,82,86,94,Interviewed,Hybrid,Delhi
APP0434,Warinder Rajan,Female,22,Nagpur,Maharashtra,M.Tech,AI & ML,"Banik, Buch and De Institute",2019,3,Sarin-Bhattacharyya,Python Developer,Engineering,"Java, Spring Boot, MySQL",AWS Certified,5.2,3.4,60,2025-10-10,50,99,86,Selected,Remote,Nagpur
APP0435,Ishita Jha,Female,35,Gurugram,Haryana,M.Sc,AI & ML,"Kapoor, Agate and Sandal Institute",2026,3,Nanda-Gola,Software Engineer,Engineering,"Java, Hibernate, REST API",Oracle Java,6.7,5.3,15,2026-04-05,61,74,95,Rejected,Remote,Gurugram
APP0436,Vivaan Korpal,Female,27,Hyderabad,Telangana,B.E.,Computer Science,Keer and Sons Institute,2016,5,Narula and Sons,Python Developer,Engineering,"Docker, Kubernetes, AWS",AWS Certified,4.7,2.7,30,2025-10-30,92,54,70,Applied,Remote,Hyderabad
APP0437,Balvan Dhaliwal,Male,23,Pune,Maharashtra,M.Sc,Data Science,Wadhwa PLC Institute,2021,2,Munshi-Sachdeva,Python Developer,Development,"Docker, Kubernetes, AWS",Oracle Java,12.9,10.5,0,2026-05-14,93,65,55,Rejected,Hybrid,Pune
APP0438,Teerth Ganesan,Male,29,Nagpur,Maharashtra,M.Tech,Information Technology,Krish-Bassi Institute,2026,4,Chakrabarti-Edwin,DevOps Engineer,IT,"Java, Spring Boot, MySQL",Azure Fundamentals,10.8,9.5,45,2025-10-23,82,73,78,Selected,Remote,Nagpur
APP0439,Oeshi Natt,Male,25,Delhi,Delhi,M.Sc,Information Technology,Mukhopadhyay Ltd Institute,2023,8,Chanda Ltd,Full Stack Developer,Engineering,"MongoDB, Express.js, React",None,5.9,3.9,0,2025-11-30,99,78,97,Selected,Remote,Delhi
APP0440,Jackson Bose,Female,28,Noida,Uttar Pradesh,M.Sc,Data Science,Jain-Dhingra Institute,2026,4,Vaidya PLC,Full Stack Developer,Technology,"Python, Django, PostgreSQL",Oracle Java,8.9,7.5,30,2025-07-22,56,88,93,Interviewed,Hybrid,Noida
APP0441,Samar Bhardwaj,Female,23,Gurugram,Haryana,MCA,Information Technology,Rege-Swaminathan Institute,2021,8,Dhawan and Sons,DevOps Engineer,Technology,"JavaScript, React, Node.js",None,5.5,3.9,15,2026-04-27,66,77,60,Interviewed,Hybrid,Gurugram
APP0442,Pahal Ranganathan,Female,22,Gurugram,Haryana,B.E.,Data Science,"Wason, Sahota and Sarin Institute",2024,4,"Gara, Pau and Walia",Software Engineer,Engineering,"Docker, Kubernetes, AWS",AWS Certified,3.6,3.1,90,2026-05-07,67,90,63,Selected,Onsite,Gurugram
APP0443,Yug Taneja,Female,34,Hyderabad,Telangana,M.Tech,Data Science,Murthy-Sharaf Institute,2025,1,"Mane, Randhawa and Master",Python Developer,IT,"Docker, Kubernetes, AWS",None,9.3,7.5,90,2026-05-11,50,68,53,Interviewed,Hybrid,Hyderabad
APP0444,Anjali Sidhu,Female,24,Noida,Uttar Pradesh,MCA,Computer Science,Shroff-Pant Institute,2023,3,Divan-Oak,Java Developer,Technology,"MongoDB, Express.js, React",None,10.5,7.7,60,2025-10-23,66,91,54,Shortlisted,Hybrid,Noida
APP0445,Arjun Sankar,Female,33,Gurugram,Haryana,B.E.,Information Technology,"Sibal, Dada and Walla Institute",2019,1,Salvi-Tank,Data Analyst,Development,"Java, Hibernate, REST API",Oracle Java,11.5,10.7,30,2025-06-21,67,67,66,Shortlisted,Onsite,Gurugram
APP0446,Ayushman De,Male,35,Noida,Uttar Pradesh,MCA,Information Technology,"Kaur, Jhaveri and Jhaveri Institute",2017,0,Fresher,Data Analyst,Technology,"MongoDB, Express.js, React",AWS Certified,3.0,0.0,45,2026-01-26,85,53,76,Shortlisted,Hybrid,Noida
APP0447,Vanya Ghosh,Male,23,Kolkata,West Bengal,B.E.,Computer Science,"Chad, Tripathi and Nath Institute",2019,8,Ben-Ramesh,Backend Developer,Technology,"Java, Hibernate, REST API",None,12.4,9.4,30,2025-10-22,66,66,50,Shortlisted,Onsite,Kolkata
APP0448,Rudra Nadkarni,Female,27,Bengaluru,Karnataka,B.Tech,AI & ML,"Bhatti, Wali and Pathak Institute",2025,6,"Sodhi, Deshmukh and Lata",Backend Developer,Development,"JavaScript, React, Node.js",None,13.9,11.4,45,2025-11-15,64,85,80,Rejected,Remote,Bengaluru
APP0449,Unnati Hayer,Male,27,Hyderabad,Telangana,B.Tech,Computer Science,Pai-Prasad Institute,2016,1,Gara PLC,DevOps Engineer,IT,"JavaScript, React, Node.js",Oracle Java,9.6,7.4,60,2026-05-30,76,70,91,Interviewed,Hybrid,Hyderabad
APP0450,Nisha Wadhwa,Female,35,Noida,Uttar Pradesh,B.E.,AI & ML,"Prabhu, Bala and Pai Institute",2021,7,Desai Group,Software Engineer,Development,"SQL, Power BI, Excel",AWS Certified,5.4,4.2,0,2025-09-16,85,86,68,Shortlisted,Remote,Noida
APP0451,Gautam Balan,Male,31,Chennai,Tamil Nadu,B.E.,AI & ML,Sodhi Inc Institute,2019,4,Taneja Inc,Backend Developer,Technology,"MongoDB, Express.js, React",Azure Fundamentals,7.6,5.9,15,2025-10-23,85,75,99,Interviewed,Hybrid,Chennai
APP0452,Abhiram Bose,Male,34,Hyderabad,Telangana,M.Tech,Information Technology,"Saxena, Gandhi and Lata Institute",2026,1,Kar PLC,Java Developer,Development,"JavaScript, React, Node.js",AWS Certified,5.5,3.1,0,2026-06-07,74,68,80,Selected,Onsite,Hyderabad
APP0453,Mohini Grewal,Female,25,Kolkata,West Bengal,M.Sc,AI & ML,Ganesan PLC Institute,2016,4,Ravi-Maharaj,Python Developer,Development,"Python, Django, PostgreSQL",Azure Fundamentals,12.2,10.9,90,2026-04-15,81,58,69,Shortlisted,Onsite,Kolkata
APP0454,Jasmit Kaul,Male,24,Nagpur,Maharashtra,M.Sc,Data Science,Khare LLC Institute,2016,1,"Golla, Mammen and Vohra",Backend Developer,IT,"Java, Spring Boot, MySQL",None,10.7,9.1,90,2025-06-28,78,86,87,Interviewed,Onsite,Nagpur
APP0455,Qushi Desai,Female,30,Kolkata,West Bengal,B.Sc,Data Science,"Vaidya, Vig and Raja Institute",2022,5,Chaudhary-Gala,Full Stack Developer,Engineering,"Git, CI/CD, Linux",None,8.4,6.1,15,2026-05-02,68,90,97,Interviewed,Hybrid,Kolkata
APP0456,Sathvik Palla,Male,35,Hyderabad,Telangana,B.Sc,Information Technology,"Bala, Sawhney and Munshi Institute",2018,5,Bala LLC,QA Engineer,IT,"MongoDB, Express.js, React",AWS Certified,7.4,6.6,15,2025-10-16,69,53,60,Applied,Hybrid,Hyderabad
APP0457,Kalpit Banik,Female,25,Bengaluru,Karnataka,M.Tech,Data Science,Tak PLC Institute,2022,6,"Batra, Balan and Jha",DevOps Engineer,Technology,"Git, CI/CD, Linux",AWS Certified,12.3,10.6,30,2026-06-08,70,94,58,Interviewed,Onsite,Bengaluru
APP0458,Hiral Parekh,Male,23,Nagpur,Maharashtra,B.E.,Information Technology,Raja-Dass Institute,2025,6,Bala LLC,Java Developer,IT,"Java, Spring Boot, MySQL",Azure Fundamentals,10.8,9.4,90,2025-11-16,84,74,60,Applied,Remote,Nagpur
APP0459,Atharv Pandey,Female,33,Hyderabad,Telangana,B.Sc,Computer Science,"Barad, Wadhwa and Mani Institute",2020,4,Khosla Ltd,Python Developer,Engineering,"MongoDB, Express.js, React",None,5.9,3.0,30,2026-02-25,97,76,65,Selected,Onsite,Hyderabad
APP0460,Girik Nagy,Male,27,Noida,Uttar Pradesh,B.E.,AI & ML,Saha-Pai Institute,2026,3,Bhat-Jhaveri,QA Engineer,Development,"Docker, Kubernetes, AWS",Oracle Java,11.3,10.0,30,2026-06-11,88,62,87,Shortlisted,Remote,Noida
APP0461,Yagnesh Kamdar,Female,35,Nagpur,Maharashtra,B.Sc,Information Technology,"Cherian, Wadhwa and Sarma Institute",2016,7,Suresh PLC,Java Developer,Engineering,"Docker, Kubernetes, AWS",None,12.6,11.8,30,2026-04-16,73,86,97,Applied,Onsite,Nagpur
APP0462,Urvi Patel,Female,23,Chennai,Tamil Nadu,B.Sc,AI & ML,Sidhu Ltd Institute,2016,2,Mahal-Balay,Software Engineer,Engineering,"Docker, Kubernetes, AWS",Oracle Java,4.4,2.9,15,2025-10-03,66,64,79,Rejected,Onsite,Chennai
APP0463,Jagdish Gara,Female,22,Gurugram,Haryana,M.Sc,AI & ML,"Gade, Dar and Mann Institute",2020,2,"Khurana, Prashad and Virk",Python Developer,Engineering,"Java, Spring Boot, MySQL",AWS Certified,10.4,7.6,15,2026-06-13,69,64,63,Rejected,Remote,Gurugram
APP0464,Suhani Mishra,Female,33,Nagpur,Maharashtra,M.Tech,Information Technology,Dara Group Institute,2017,8,"Om, Peri and Dasgupta",DevOps Engineer,IT,"SQL, Power BI, Excel",Oracle Java,6.8,5.9,90,2025-07-10,84,97,74,Shortlisted,Hybrid,Nagpur
APP0465,Falguni Issac,Female,24,Nagpur,Maharashtra,B.Sc,AI & ML,Sagar and Sons Institute,2025,8,"Lad, Lata and Peri",Backend Developer,IT,"Git, CI/CD, Linux",AWS Certified,7.8,4.8,30,2025-09-02,65,75,70,Selected,Remote,Nagpur
APP0466,Bahadurjit Kurian,Female,33,Bengaluru,Karnataka,B.E.,AI & ML,Nagar-Rana Institute,2023,3,"Oommen, Garg and Puri",Full Stack Developer,Engineering,"JavaScript, React, Node.js",None,4.6,3.2,90,2025-10-19,86,56,99,Rejected,Remote,Bengaluru
APP0467,Darpan Narayan,Female,21,Hyderabad,Telangana,MCA,Information Technology,Parmar Group Institute,2021,6,"Bawa, Mital and Sane",QA Engineer,Engineering,"Docker, Kubernetes, AWS",Oracle Java,4.9,3.2,60,2025-11-20,78,62,97,Applied,Remote,Hyderabad
APP0468,Mugdha Dayal,Male,33,Bengaluru,Karnataka,MCA,Information Technology,Grewal and Sons Institute,2022,0,Fresher,Backend Developer,Engineering,"Java, Hibernate, REST API",None,3.0,0.0,60,2026-01-09,54,71,88,Applied,Remote,Bengaluru
APP0469,Vrinda Sankaran,Male,21,Chennai,Tamil Nadu,M.Tech,Data Science,Kothari-Wali Institute,2021,8,Kulkarni-Choudhry,Software Engineer,Development,"Python, Django, PostgreSQL",Oracle Java,14.7,11.9,15,2025-07-04,89,61,68,Interviewed,Hybrid,Chennai
APP0470,Rushil Manda,Male,29,Noida,Uttar Pradesh,M.Tech,Information Technology,Patla-Biswas Institute,2025,8,Patla-Master,DevOps Engineer,Engineering,"Java, Hibernate, REST API",AWS Certified,9.1,7.1,60,2025-09-13,80,71,71,Applied,Onsite,Noida
APP0471,Tanay Bir,Female,22,Noida,Uttar Pradesh,M.Tech,Computer Science,Bassi-Desai Institute,2016,8,Iyer-Dhar,Data Analyst,Technology,"Git, CI/CD, Linux",Azure Fundamentals,9.9,7.5,45,2025-06-29,77,90,60,Rejected,Onsite,Noida
APP0472,Ishaan Toor,Female,26,Hyderabad,Telangana,M.Sc,AI & ML,"Acharya, Bhakta and Kapadia Institute",2026,8,"Deep, Shroff and Borah",Software Engineer,IT,"Java, Spring Boot, MySQL",Oracle Java,8.7,5.8,15,2026-05-23,99,52,52,Applied,Remote,Hyderabad
APP0473,Aachal Viswanathan,Female,34,Mumbai,Maharashtra,M.Tech,Information Technology,"Khalsa, Kulkarni and Khanna Institute",2020,2,Chand-Khalsa,QA Engineer,Technology,"MongoDB, Express.js, React",None,5.5,4.6,60,2026-04-22,98,77,74,Selected,Onsite,Mumbai
APP0474,Lipika Vala,Male,32,Noida,Uttar Pradesh,M.Tech,AI & ML,"Prabhu, Datta and Sem Institute",2017,6,"Patil, Baral and Khanna",Data Analyst,IT,"SQL, Power BI, Excel",Oracle Java,12.4,9.6,0,2026-06-10,79,77,58,Interviewed,Onsite,Noida
APP0475,Faraj Sule,Female,35,Chennai,Tamil Nadu,B.Tech,Computer Science,Manne-Shukla Institute,2020,4,"Nazareth, Munshi and Randhawa",DevOps Engineer,IT,"Python, Django, PostgreSQL",Azure Fundamentals,9.4,8.8,90,2025-12-28,68,51,93,Rejected,Hybrid,Chennai
APP0476,Darika Babu,Male,34,Kolkata,West Bengal,B.Sc,Computer Science,"Dalal, Kapur and Jain Institute",2016,5,Sane-Manne,Data Analyst,Development,"Java, Spring Boot, MySQL",Azure Fundamentals,3.8,2.5,60,2026-03-03,74,50,99,Shortlisted,Remote,Kolkata
APP0477,Xavier Doshi,Male,32,Gurugram,Haryana,M.Sc,Data Science,Ratti-Sawhney Institute,2020,4,Rau Inc,DevOps Engineer,Development,"Java, Spring Boot, MySQL",None,10.3,8.8,15,2025-07-27,59,62,73,Selected,Remote,Gurugram
APP0478,Adya Mishra,Female,22,Nagpur,Maharashtra,M.Tech,Computer Science,Kumer Group Institute,2017,7,"Soman, Sahota and Badami",Data Analyst,Engineering,"SQL, Power BI, Excel",None,8.4,7.2,15,2025-10-16,83,100,59,Selected,Remote,Nagpur
APP0479,Samuel Varghese,Female,21,Chennai,Tamil Nadu,M.Tech,Computer Science,Gokhale Inc Institute,2018,2,"Gill, Nazareth and Lad",Data Analyst,IT,"Git, CI/CD, Linux",Oracle Java,12.4,10.6,45,2025-09-03,84,53,61,Rejected,Onsite,Chennai
APP0480,Omisha Gole,Male,27,Pune,Maharashtra,B.E.,Information Technology,Prashad LLC Institute,2016,6,"Patla, Narayanan and Balakrishnan",Full Stack Developer,Engineering,"Java, Hibernate, REST API",Oracle Java,9.9,9.4,15,2025-06-24,88,55,81,Interviewed,Hybrid,Pune
APP0481,Imaran Mannan,Female,21,Mumbai,Maharashtra,B.E.,Computer Science,"Ranganathan, Vohra and Keer Institute",2021,6,"Barman, Ahuja and Gala",Python Developer,Technology,"Git, CI/CD, Linux",None,11.9,10.8,30,2026-05-24,61,93,71,Rejected,Onsite,Mumbai
APP0482,Manthan Sheth,Male,29,Chennai,Tamil Nadu,MCA,AI & ML,Butala PLC Institute,2026,7,Gala LLC,QA Engineer,Engineering,"Docker, Kubernetes, AWS",AWS Certified,11.4,8.6,90,2026-05-22,81,52,53,Rejected,Remote,Chennai
APP0483,Abeer Das,Female,35,Gurugram,Haryana,MCA,Computer Science,"Oommen, Sastry and Oza Institute",2024,6,Sama Inc,Full Stack Developer,Technology,"JavaScript, React, Node.js",Azure Fundamentals,11.8,9.3,0,2025-06-27,81,65,85,Interviewed,Hybrid,Gurugram
APP0484,Hamsini Bath,Female,32,Mumbai,Maharashtra,B.E.,Data Science,Sawhney-Talwar Institute,2017,6,"Divan, Chahal and Taneja",Backend Developer,Technology,"SQL, Power BI, Excel",Azure Fundamentals,5.7,4.4,45,2025-12-21,52,75,69,Applied,Onsite,Mumbai
APP0485,Turvi Chander,Male,22,Gurugram,Haryana,B.Tech,AI & ML,Sarraf-Yadav Institute,2021,0,Fresher,Data Analyst,Development,"Python, Django, PostgreSQL",AWS Certified,3.0,0.0,30,2025-10-08,63,98,84,Interviewed,Hybrid,Gurugram
APP0486,Tanay Sheth,Female,24,Mumbai,Maharashtra,B.E.,Information Technology,Sawhney-Mahajan Institute,2021,5,Raju-Bansal,Full Stack Developer,Engineering,"SQL, Power BI, Excel",None,11.2,9.4,0,2026-01-10,75,57,54,Rejected,Hybrid,Mumbai
APP0487,Gautam Sekhon,Male,31,Delhi,Delhi,MCA,AI & ML,Nadig-Mangal Institute,2023,1,Rege-Pau,Data Analyst,Engineering,"SQL, Power BI, Excel",Azure Fundamentals,8.0,5.2,45,2025-07-21,89,74,87,Rejected,Remote,Delhi
APP0488,Jagvi Ganesh,Male,35,Nagpur,Maharashtra,M.Sc,Computer Science,Jaggi Group Institute,2026,4,Krishnamurthy-Kothari,Python Developer,Development,"Docker, Kubernetes, AWS",None,11.7,9.9,45,2026-02-28,88,78,79,Shortlisted,Hybrid,Nagpur
APP0489,Joshua Edwin,Female,27,Mumbai,Maharashtra,B.Tech,AI & ML,"Bhavsar, Lalla and Pandya Institute",2018,7,Iyengar-Dhar,Data Analyst,Engineering,"Java, Hibernate, REST API",Azure Fundamentals,10.4,9.8,30,2025-08-17,88,58,91,Applied,Onsite,Mumbai
APP0490,Warinder Halder,Female,21,Nagpur,Maharashtra,B.Sc,Computer Science,Singh-Kar Institute,2020,3,Vohra-Dhaliwal,DevOps Engineer,IT,"Java, Spring Boot, MySQL",AWS Certified,12.5,9.5,90,2026-04-18,97,75,67,Shortlisted,Remote,Nagpur
APP0491,Tarak Desai,Male,29,Kolkata,West Bengal,M.Tech,AI & ML,"Oza, Dhar and Bobal Institute",2020,7,Vig Ltd,Data Analyst,Engineering,"Docker, Kubernetes, AWS",None,8.3,7.1,90,2026-04-26,89,99,57,Rejected,Onsite,Kolkata
APP0492,Bhavya Shroff,Male,24,Bengaluru,Karnataka,M.Sc,Data Science,Vohra-Lad Institute,2016,5,Chada and Sons,Data Analyst,IT,"Python, Django, PostgreSQL",None,11.5,10.9,45,2025-12-03,78,92,71,Rejected,Onsite,Bengaluru
APP0493,Advay Sen,Male,28,Delhi,Delhi,B.Sc,Computer Science,"Karnik, Mangal and Nayar Institute",2016,6,Kalla-Ganguly,Java Developer,Development,"SQL, Power BI, Excel",AWS Certified,6.5,5.3,45,2026-04-09,92,93,52,Selected,Hybrid,Delhi
APP0494,Amrita Kade,Female,23,Chennai,Tamil Nadu,B.Sc,Information Technology,"Thakur, Padmanabhan and Magar Institute",2018,5,Oak PLC,Data Analyst,Technology,"SQL, Power BI, Excel",None,11.2,9.8,30,2026-03-09,53,100,96,Interviewed,Onsite,Chennai
APP0495,Yashodhara Iyer,Male,35,Delhi,Delhi,B.Sc,Computer Science,"Chandran, Narayanan and Gaba Institute",2026,2,Saran Ltd,Backend Developer,Development,"Java, Hibernate, REST API",Oracle Java,12.3,9.3,30,2025-11-15,98,54,87,Rejected,Remote,Delhi
APP0496,Bhavna Chaudhary,Female,28,Noida,Uttar Pradesh,B.Sc,Computer Science,"Shere, Narasimhan and Dalal Institute",2021,2,Hegde Group,Backend Developer,IT,"MongoDB, Express.js, React",Oracle Java,10.0,8.8,90,2025-12-22,69,89,64,Rejected,Hybrid,Noida
APP0497,Priya Bali,Male,25,Gurugram,Haryana,MCA,Computer Science,Ranganathan PLC Institute,2024,6,Swamy-Magar,Java Developer,Technology,"Git, CI/CD, Linux",AWS Certified,13.2,11.5,30,2025-07-13,56,80,62,Shortlisted,Remote,Gurugram
APP0498,Abhiram Loke,Female,21,Chennai,Tamil Nadu,B.Tech,Computer Science,Setty-Ravi Institute,2018,7,Bhalla PLC,Software Engineer,Development,"Git, CI/CD, Linux",Azure Fundamentals,10.5,8.6,60,2026-05-05,79,73,85,Shortlisted,Hybrid,Chennai
APP0499,Girik Bhattacharyya,Female,21,Gurugram,Haryana,M.Tech,AI & ML,Kata-Sawhney Institute,2016,2,"Barad, Mishra and Tiwari",Data Analyst,Development,"SQL, Power BI, Excel",None,14.7,11.9,15,2026-04-23,91,90,85,Interviewed,Hybrid,Gurugram
APP0500,Udyati Viswanathan,Male,33,Bengaluru,Karnataka,MCA,AI & ML,Reddy Group Institute,2021,2,"Mani, Nazareth and Pandit",DevOps Engineer,Development,"Java, Spring Boot, MySQL",None,12.6,9.9,60,2025-06-29,53,94,81,Rejected,Onsite,Bengaluru
